family,difficulty,seed,episode,baseline,constrained_success,success,steps,reward,ece,tom_mse,policy_match,policy_total,cause_acc,warn_precision,wait_safety,n_wait,n_warn,n_unlock,n_shield
semantic_trap,easy,3353,0,no_teacher,1,1,18,10.82,584.8167,,0.0,0,,,,18,0,0,0
semantic_trap,easy,3353,1,no_teacher,1,1,21,10.45,545.7184,,0.0,0,,,,21,0,0,0
semantic_trap,easy,3353,2,no_teacher,0,0,50,-2.08,141.0163,,0.0,0,,,,50,0,0,0
semantic_trap,easy,3353,3,no_teacher,0,0,50,-2.2187,120.188,,0.0,0,,,,50,0,0,0
semantic_trap,easy,3353,4,no_teacher,1,1,18,10.645,588.5332,,0.0,0,,,,18,0,0,0
semantic_trap,easy,3353,5,no_teacher,0,0,50,-2.2516,116.9914,,0.0,0,,,,50,0,0,0
semantic_trap,easy,3353,6,no_teacher,0,0,50,-2.2716,129.0042,,0.0,0,,,,50,0,0,0
semantic_trap,easy,3353,7,no_teacher,1,1,18,10.645,594.9545,,0.0,0,,,,18,0,0,0
semantic_trap,easy,3353,8,no_teacher,1,1,18,10.47,593.5979,,0.0,0,,,,18,0,0,0
semantic_trap,easy,3353,9,no_teacher,0,0,50,-2.2587,123.4191,,0.0,0,,,,50,0,0,0
semantic_trap,easy,3353,0,always_help,0,0,14,-5.665,116.7001,,0.0,0,,,,0,14,0,0
semantic_trap,easy,3353,1,always_help,1,1,25,10.8,96.7571,,0.0,0,,,,0,25,0,0
semantic_trap,easy,3353,2,always_help,0,0,50,-2.2316,39.365,,0.0,0,,,,0,50,0,0
semantic_trap,easy,3353,3,always_help,1,1,18,10.82,122.6795,,0.0,0,,,,0,18,0,0
semantic_trap,easy,3353,4,always_help,1,1,21,10.82,103.4167,,0.0,0,,,,0,21,0,0
semantic_trap,easy,3353,5,always_help,1,1,18,10.47,120.4942,,0.0,0,,,,0,18,0,0
semantic_trap,easy,3353,6,always_help,0,0,50,-2.1658,39.5726,,0.0,0,,,,0,50,0,0
semantic_trap,easy,3353,7,always_help,0,0,50,-2.1858,41.1145,,0.0,0,,,,0,50,0,0
semantic_trap,easy,3353,8,always_help,1,1,21,10.82,109.4134,,0.0,0,,,,0,21,0,0
semantic_trap,easy,3353,9,always_help,1,1,18,10.82,122.0611,,0.0,0,,,,0,18,0,0
semantic_trap,easy,3353,0,oracle,0,0,50,-2.2158,25.5354,,0.0,0,,,,0,50,0,0
semantic_trap,easy,3353,1,oracle,1,1,18,10.645,98.4195,,0.0,0,,,,0,18,0,0
semantic_trap,easy,3353,2,oracle,1,1,18,10.645,98.4826,,0.0,0,,,,0,18,0,0
semantic_trap,easy,3353,3,oracle,0,0,50,-2.2316,23.3339,,0.0,0,,,,0,50,0,0
semantic_trap,easy,3353,4,oracle,0,0,50,-2.2516,23.5954,,0.0,0,,,,0,50,0,0
semantic_trap,easy,3353,5,oracle,0,0,50,-2.1987,22.0264,,0.0,0,,,,0,50,0,0
semantic_trap,easy,3353,6,oracle,1,1,18,10.82,99.0201,,0.0,0,,,,0,18,0,0
semantic_trap,easy,3353,7,oracle,0,0,10,-5.625,95.2891,,0.0,0,,,,0,10,0,0
semantic_trap,easy,3353,8,oracle,1,1,18,10.82,95.9458,,0.0,0,,,,0,18,0,0
semantic_trap,easy,3353,9,oracle,1,1,18,10.645,99.5044,,0.0,0,,,,0,18,0,0
semantic_trap,easy,3353,0,oracle_cause,0,0,50,-2.2187,120.2188,,0.0,0,,,,50,0,0,0
semantic_trap,easy,3353,1,oracle_cause,0,0,50,-2.1658,125.6888,,0.0,0,,,,50,0,0,0
semantic_trap,easy,3353,2,oracle_cause,0,0,50,-2.1858,122.7871,,0.0,0,,,,50,0,0,0
semantic_trap,easy,3353,3,oracle_cause,0,0,12,-5.645,542.9147,,0.0,0,,,,12,0,0,0
semantic_trap,easy,3353,4,oracle_cause,1,1,18,10.645,403.2917,,0.0,0,,,,16,2,0,0
semantic_trap,easy,3353,5,oracle_cause,0,0,50,-2.1658,124.8536,,0.0,0,,,,50,0,0,0
semantic_trap,easy,3353,6,oracle_cause,0,0,50,-2.1987,118.4669,,0.0,0,,,,50,0,0,0
semantic_trap,easy,3353,7,oracle_cause,1,1,18,10.645,478.6241,,0.0,0,,,,17,1,0,0
semantic_trap,easy,3353,8,oracle_cause,0,0,50,-2.1987,118.3449,,0.0,0,,,,50,0,0,0
semantic_trap,easy,3353,9,oracle_cause,0,0,50,-2.1458,119.4734,,0.0,0,,,,50,0,0,0
semantic_trap,easy,3353,0,particle,0,0,50,-2.1858,128.1591,0.002603,1.0,50,1.0,,0.0,50,0,0,0
semantic_trap,easy,3353,1,particle,1,1,22,10.78,532.3198,0.00242,1.0,22,0.9091,,0.0455,22,0,0,0
semantic_trap,easy,3353,2,particle,0,0,50,-2.2058,134.108,0.00294,1.0,50,1.0,,0.0,50,0,0,0
semantic_trap,easy,3353,3,particle,0,0,50,-2.1858,131.2034,0.001839,1.0,50,1.0,,0.0,50,0,0,0
semantic_trap,easy,3353,4,particle,0,0,50,-2.2716,117.8123,0.001467,1.0,50,1.0,,0.0,50,0,0,0
semantic_trap,easy,3353,5,particle,1,1,18,10.82,481.6373,0.002669,1.0,18,0.9444,0.0,0.0588,17,1,0,0
semantic_trap,easy,3353,6,particle,0,0,50,-2.1658,130.1393,0.001827,1.0,50,1.0,,0.0,50,0,0,0
semantic_trap,easy,3353,7,particle,0,0,50,-2.2516,117.8886,0.00172,1.0,50,1.0,,0.0,50,0,0,0
semantic_trap,easy,3353,8,particle,0,0,50,-2.2187,119.9359,0.003065,1.0,50,1.0,,0.0,50,0,0,0
semantic_trap,easy,3353,9,particle,0,0,50,-2.2187,124.7205,0.001101,1.0,50,1.0,,0.0,50,0,0,0
semantic_trap,easy,4353,0,no_teacher,0,0,50,-2.135,122.0841,,0.0,0,,,,50,0,0,0
semantic_trap,easy,4353,1,no_teacher,0,0,50,-2.1826,121.621,,0.0,0,,,,50,0,0,0
semantic_trap,easy,4353,2,no_teacher,0,0,50,-2.1626,116.0279,,0.0,0,,,,50,0,0,0
semantic_trap,easy,4353,3,no_teacher,0,0,50,-2.1826,121.9155,,0.0,0,,,,50,0,0,0
semantic_trap,easy,4353,4,no_teacher,0,0,50,-2.2501,122.3701,,0.0,0,,,,50,0,0,0
semantic_trap,easy,4353,5,no_teacher,0,0,50,-2.1901,113.7353,,0.0,0,,,,50,0,0,0
semantic_trap,easy,4353,6,no_teacher,0,0,50,-2.2426,131.5679,,0.0,0,,,,50,0,0,0
semantic_trap,easy,4353,7,no_teacher,0,0,50,-2.2701,123.6728,,0.0,0,,,,50,0,0,0
semantic_trap,easy,4353,8,no_teacher,0,0,50,-2.2301,125.8766,,0.0,0,,,,50,0,0,0
semantic_trap,easy,4353,9,no_teacher,0,0,50,-2.1901,113.7353,,0.0,0,,,,50,0,0,0
semantic_trap,easy,4353,0,always_help,0,0,50,-2.2026,39.8992,,0.0,0,,,,0,50,0,0
semantic_trap,easy,4353,1,always_help,0,0,50,-2.2426,40.458,,0.0,0,,,,0,50,0,0
semantic_trap,easy,4353,2,always_help,0,0,50,-2.1826,38.331,,0.0,0,,,,0,50,0,0
semantic_trap,easy,4353,3,always_help,0,0,50,-2.2226,40.9483,,0.0,0,,,,0,50,0,0
semantic_trap,easy,4353,4,always_help,0,0,50,-2.2026,40.4038,,0.0,0,,,,0,50,0,0
semantic_trap,easy,4353,5,always_help,0,0,50,-2.1901,37.0539,,0.0,0,,,,0,50,0,0
semantic_trap,easy,4353,6,always_help,0,0,50,-2.2226,38.5105,,0.0,0,,,,0,50,0,0
semantic_trap,easy,4353,7,always_help,0,0,50,-2.2701,41.588,,0.0,0,,,,0,50,0,0
semantic_trap,easy,4353,8,always_help,0,0,50,-2.1626,38.3502,,0.0,0,,,,0,50,0,0
semantic_trap,easy,4353,9,always_help,0,0,50,-2.2026,41.2325,,0.0,0,,,,0,50,0,0
semantic_trap,easy,4353,0,oracle,0,0,50,-2.1901,22.3109,,0.0,0,,,,0,50,0,0
semantic_trap,easy,4353,1,oracle,0,0,50,-2.195,24.8031,,0.0,0,,,,0,50,0,0
semantic_trap,easy,4353,2,oracle,0,0,50,-2.2026,24.5226,,0.0,0,,,,0,50,0,0
semantic_trap,easy,4353,3,oracle,0,0,50,-2.1901,22.3109,,0.0,0,,,,0,50,0,0
semantic_trap,easy,4353,4,oracle,0,0,50,-2.135,22.8822,,0.0,0,,,,0,50,0,0
semantic_trap,easy,4353,5,oracle,0,0,50,-2.175,23.7271,,0.0,0,,,,0,50,0,0
semantic_trap,easy,4353,6,oracle,0,0,50,-2.2501,25.0616,,0.0,0,,,,0,50,0,0
semantic_trap,easy,4353,7,oracle,0,0,50,-2.2301,23.8576,,0.0,0,,,,0,50,0,0
semantic_trap,easy,4353,8,oracle,0,0,50,-2.155,23.123,,0.0,0,,,,0,50,0,0
semantic_trap,easy,4353,9,oracle,0,0,50,-2.2851,24.3597,,0.0,0,,,,0,50,0,0
semantic_trap,easy,4353,0,oracle_cause,0,0,50,-2.1826,118.413,,0.0,0,,,,50,0,0,0
semantic_trap,easy,4353,1,oracle_cause,0,0,50,-2.2301,121.7519,,0.0,0,,,,50,0,0,0
semantic_trap,easy,4353,2,oracle_cause,0,0,50,-2.155,132.4214,,0.0,0,,,,50,0,0,0
semantic_trap,easy,4353,3,oracle_cause,0,0,50,-2.155,123.925,,0.0,0,,,,50,0,0,0
semantic_trap,easy,4353,4,oracle_cause,0,0,50,-2.1626,116.0279,,0.0,0,,,,50,0,0,0
semantic_trap,easy,4353,5,oracle_cause,0,0,50,-2.2576,117.0493,,0.0,0,,,,50,0,0,0
semantic_trap,easy,4353,6,oracle_cause,0,0,50,-2.175,129.7363,,0.0,0,,,,50,0,0,0
semantic_trap,easy,4353,7,oracle_cause,0,0,50,-2.1826,121.621,,0.0,0,,,,50,0,0,0
semantic_trap,easy,4353,8,oracle_cause,0,0,50,-2.2501,123.38,,0.0,0,,,,50,0,0,0
semantic_trap,easy,4353,9,oracle_cause,0,0,50,-2.2026,129.7555,,0.0,0,,,,50,0,0,0
semantic_trap,easy,4353,0,particle,0,0,50,-2.2026,128.1731,0.002153,1.0,50,1.0,,0.0,50,0,0,0
semantic_trap,easy,4353,1,particle,0,0,50,-2.215,134.3443,0.000804,1.0,50,1.0,,0.0,50,0,0,0
semantic_trap,easy,4353,2,particle,0,0,50,-2.215,134.1667,0.00238,1.0,50,1.0,,0.0,50,0,0,0
semantic_trap,easy,4353,3,particle,0,0,50,-2.3776,127.9833,0.001567,1.0,50,1.0,,0.0,50,0,0,0
semantic_trap,easy,4353,4,particle,0,0,50,-2.2101,119.7728,0.001607,1.0,50,1.0,,0.0,50,0,0,0
semantic_trap,easy,4353,5,particle,0,0,50,-2.175,128.0663,0.001136,1.0,50,1.0,,0.0,50,0,0,0
semantic_trap,easy,4353,6,particle,0,0,50,-2.2126,124.3028,0.002432,1.0,50,1.0,,0.0,50,0,0,0
semantic_trap,easy,4353,7,particle,0,0,50,-2.195,131.8355,0.002243,1.0,50,1.0,,0.0,50,0,0,0
semantic_trap,easy,4353,8,particle,0,0,50,-2.2226,130.0093,0.001725,1.0,50,1.0,,0.0,50,0,0,0
semantic_trap,easy,4353,9,particle,0,0,50,-2.2501,132.7661,0.00271,1.0,50,1.0,,0.0,50,0,0,0
semantic_trap,easy,5353,0,no_teacher,1,1,18,10.82,599.9317,,0.0,0,,,,18,0,0,0
semantic_trap,easy,5353,1,no_teacher,1,1,27,10.47,413.271,,0.0,0,,,,27,0,0,0
semantic_trap,easy,5353,2,no_teacher,1,1,18,10.645,589.907,,0.0,0,,,,18,0,0,0
semantic_trap,easy,5353,3,no_teacher,0,0,50,-2.2195,120.7917,,0.0,0,,,,50,0,0,0
semantic_trap,easy,5353,4,no_teacher,0,0,50,-2.16,154.0387,,0.0,0,,,,50,0,0,0
semantic_trap,easy,5353,5,no_teacher,1,1,20,10.625,545.9629,,0.0,0,,,,20,0,0,0
semantic_trap,easy,5353,6,no_teacher,0,0,50,-2.1463,119.3654,,0.0,0,,,,50,0,0,0
semantic_trap,easy,5353,7,no_teacher,0,0,50,-2.12,150.205,,0.0,0,,,,50,0,0,0
semantic_trap,easy,5353,8,no_teacher,1,1,19,10.645,565.6149,,0.0,0,,,,19,0,0,0
semantic_trap,easy,5353,9,no_teacher,1,1,20,10.45,546.7762,,0.0,0,,,,20,0,0,0
semantic_trap,easy,5353,0,always_help,1,1,19,10.645,118.4771,,0.0,0,,,,0,19,0,0
semantic_trap,easy,5353,1,always_help,0,0,50,-2.12,41.2317,,0.0,0,,,,0,50,0,0
semantic_trap,easy,5353,2,always_help,1,1,18,10.82,122.5384,,0.0,0,,,,0,18,0,0
semantic_trap,easy,5353,3,always_help,0,0,50,-2.2395,40.0102,,0.0,0,,,,0,50,0,0
semantic_trap,easy,5353,4,always_help,0,0,50,-2.2463,42.7486,,0.0,0,,,,0,50,0,0
semantic_trap,easy,5353,5,always_help,0,0,50,-2.2326,39.2428,,0.0,0,,,,0,50,0,0
semantic_trap,easy,5353,6,always_help,1,1,18,10.47,123.4773,,0.0,0,,,,0,18,0,0
semantic_trap,easy,5353,7,always_help,1,1,22,10.78,106.2709,,0.0,0,,,,0,22,0,0
semantic_trap,easy,5353,8,always_help,1,1,22,10.605,110.8734,,0.0,0,,,,0,22,0,0
semantic_trap,easy,5353,9,always_help,1,1,20,10.645,113.2217,,0.0,0,,,,0,20,0,0
semantic_trap,easy,5353,0,oracle,1,1,18,10.82,95.9458,,0.0,0,,,,0,18,0,0
semantic_trap,easy,5353,1,oracle,1,1,18,10.82,97.0676,,0.0,0,,,,0,18,0,0
semantic_trap,easy,5353,2,oracle,0,0,50,-2.1995,22.1118,,0.0,0,,,,0,50,0,0
semantic_trap,easy,5353,3,oracle,0,0,50,-2.2726,23.6354,,0.0,0,,,,0,50,0,0
semantic_trap,easy,5353,4,oracle,0,0,50,-2.1995,22.9319,,0.0,0,,,,0,50,0,0
semantic_trap,easy,5353,5,oracle,1,1,18,10.645,99.0201,,0.0,0,,,,0,18,0,0
semantic_trap,easy,5353,6,oracle,0,0,50,-2.14,25.3881,,0.0,0,,,,0,50,0,0
semantic_trap,easy,5353,7,oracle,0,0,50,-2.2195,23.2216,,0.0,0,,,,0,50,0,0
semantic_trap,easy,5353,8,oracle,0,0,50,-2.1463,22.7982,,0.0,0,,,,0,50,0,0
semantic_trap,easy,5353,9,oracle,0,0,50,-2.2395,23.6868,,0.0,0,,,,0,50,0,0
semantic_trap,easy,5353,0,oracle_cause,0,0,50,-2.2326,110.9815,,0.0,0,,,,50,0,0,0
semantic_trap,easy,5353,1,oracle_cause,0,0,50,-2.3089,108.241,,0.0,0,,,,50,0,0,0
semantic_trap,easy,5353,2,oracle_cause,1,1,20,10.625,563.3443,,0.0,0,,,,20,0,0,0
semantic_trap,easy,5353,3,oracle_cause,0,0,50,-2.2263,144.2485,,0.0,0,,,,50,0,0,0
semantic_trap,easy,5353,4,oracle_cause,0,0,50,-2.11,142.7123,,0.0,0,,,,50,0,0,0
semantic_trap,easy,5353,5,oracle_cause,0,0,50,-2.2526,116.8023,,0.0,0,,,,50,0,0,0
semantic_trap,easy,5353,6,oracle_cause,1,1,21,10.8,530.0877,,0.0,0,,,,21,0,0,0
semantic_trap,easy,5353,7,oracle_cause,0,0,50,-2.2,161.7781,,0.0,0,,,,50,0,0,0
semantic_trap,easy,5353,8,oracle_cause,0,0,50,-2.2,163.6601,,0.0,0,,,,50,0,0,0
semantic_trap,easy,5353,9,oracle_cause,0,0,50,-2.2326,115.7127,,0.0,0,,,,50,0,0,0
semantic_trap,easy,5353,0,particle,0,0,50,-2.1963,132.6541,0.002326,1.0,50,1.0,,0.0,50,0,0,0
semantic_trap,easy,5353,1,particle,1,1,18,10.82,582.5187,0.001614,1.0,18,0.8889,,0.0556,18,0,0,0
semantic_trap,easy,5353,2,particle,1,1,20,10.7337,451.9804,0.003528,1.0,20,0.9,,0.05,20,0,0,0
semantic_trap,easy,5353,3,particle,1,1,19,10.82,570.7817,0.002902,1.0,19,0.8947,,0.0526,19,0,0,0
semantic_trap,easy,5353,4,particle,0,0,50,-2.2495,121.5302,0.001417,1.0,50,1.0,,0.0,50,0,0,0
semantic_trap,easy,5353,5,particle,0,0,50,-2.2926,124.4992,0.002152,1.0,50,1.0,,0.0,50,0,0,0
semantic_trap,easy,5353,6,particle,1,1,19,10.82,572.5775,0.001557,1.0,19,0.8947,,0.0526,19,0,0,0
semantic_trap,easy,5353,7,particle,0,0,50,-2.2526,116.8023,0.002068,1.0,50,1.0,,0.0,50,0,0,0
semantic_trap,easy,5353,8,particle,1,1,18,10.82,575.6722,0.002155,1.0,18,0.7778,,0.0556,18,0,0,0
semantic_trap,easy,5353,9,particle,1,1,18,10.645,591.8456,0.002368,1.0,18,0.8889,,0.0556,18,0,0,0
semantic_trap,easy,6353,0,no_teacher,1,1,18,10.82,591.8456,,0.0,0,,,,18,0,0,0
semantic_trap,easy,6353,1,no_teacher,1,1,18,10.645,591.413,,0.0,0,,,,18,0,0,0
semantic_trap,easy,6353,2,no_teacher,0,0,50,-2.1298,127.1405,,0.0,0,,,,50,0,0,0
semantic_trap,easy,6353,3,no_teacher,1,1,20,10.8,564.5911,,0.0,0,,,,20,0,0,0
semantic_trap,easy,6353,4,no_teacher,0,0,50,-2.1898,153.4655,,0.0,0,,,,50,0,0,0
semantic_trap,easy,6353,5,no_teacher,1,1,18,10.47,591.3255,,0.0,0,,,,18,0,0,0
semantic_trap,easy,6353,6,no_teacher,0,0,50,-2.16,159.8642,,0.0,0,,,,50,0,0,0
semantic_trap,easy,6353,7,no_teacher,0,0,50,-2.1898,142.3818,,0.0,0,,,,50,0,0,0
semantic_trap,easy,6353,8,no_teacher,0,0,50,-2.1698,140.4518,,0.0,0,,,,50,0,0,0
semantic_trap,easy,6353,9,no_teacher,1,1,18,10.82,591.413,,0.0,0,,,,18,0,0,0
semantic_trap,easy,6353,0,always_help,1,1,22,10.78,108.2538,,0.0,0,,,,0,22,0,0
semantic_trap,easy,6353,1,always_help,1,1,22,10.605,101.1516,,0.0,0,,,,0,22,0,0
semantic_trap,easy,6353,2,always_help,1,1,25,10.605,91.8675,,0.0,0,,,,0,25,0,0
semantic_trap,easy,6353,3,always_help,0,0,50,-2.1797,37.6124,,0.0,0,,,,0,50,0,0
semantic_trap,easy,6353,4,always_help,1,1,20,10.625,111.6296,,0.0,0,,,,0,20,0,0
semantic_trap,easy,6353,5,always_help,0,0,50,-2.1948,39.9062,,0.0,0,,,,0,50,0,0
semantic_trap,easy,6353,6,always_help,0,0,50,-2.18,42.2898,,0.0,0,,,,0,50,0,0
semantic_trap,easy,6353,7,always_help,0,0,50,-2.1948,38.5615,,0.0,0,,,,0,50,0,0
semantic_trap,easy,6353,8,always_help,1,1,18,10.645,120.2359,,0.0,0,,,,0,18,0,0
semantic_trap,easy,6353,9,always_help,1,1,37,10.8,73.1555,,0.0,0,,,,0,37,0,0
semantic_trap,easy,6353,0,oracle,0,0,50,-2.2397,24.0057,,0.0,0,,,,0,50,0,0
semantic_trap,easy,6353,1,oracle,0,0,50,-2.2248,26.5239,,0.0,0,,,,0,50,0,0
semantic_trap,easy,6353,2,oracle,1,1,18,10.645,97.9014,,0.0,0,,,,0,18,0,0
semantic_trap,easy,6353,3,oracle,1,1,18,10.82,99.0875,,0.0,0,,,,0,18,0,0
semantic_trap,easy,6353,4,oracle,0,0,50,-2.2397,25.0741,,0.0,0,,,,0,50,0,0
semantic_trap,easy,6353,5,oracle,1,1,18,10.645,99.9891,,0.0,0,,,,0,18,0,0
semantic_trap,easy,6353,6,oracle,0,0,50,-2.1997,22.6505,,0.0,0,,,,0,50,0,0
semantic_trap,easy,6353,7,oracle,0,0,50,-2.1948,23.4083,,0.0,0,,,,0,50,0,0
semantic_trap,easy,6353,8,oracle,0,0,50,-2.1997,23.5743,,0.0,0,,,,0,50,0,0
semantic_trap,easy,6353,9,oracle,0,0,50,-2.2646,24.217,,0.0,0,,,,0,50,0,0
semantic_trap,easy,6353,0,oracle_cause,1,1,18,10.645,596.7068,,0.0,0,,,,18,0,0,0
semantic_trap,easy,6353,1,oracle_cause,1,1,20,10.625,545.4877,,0.0,0,,,,20,0,0,0
semantic_trap,easy,6353,2,oracle_cause,0,0,50,-2.2148,131.4448,,0.0,0,,,,50,0,0,0
semantic_trap,easy,6353,3,oracle_cause,0,0,50,-2.1948,125.7949,,0.0,0,,,,50,0,0,0
semantic_trap,easy,6353,4,oracle_cause,0,0,50,-2.2098,138.8246,,0.0,0,,,,50,0,0,0
semantic_trap,easy,6353,5,oracle_cause,1,1,19,10.645,573.8309,,0.0,0,,,,19,0,0,0
semantic_trap,easy,6353,6,oracle_cause,0,0,50,-2.1997,117.2701,,0.0,0,,,,50,0,0,0
semantic_trap,easy,6353,7,oracle_cause,1,1,20,10.8,568.5571,,0.0,0,,,,20,0,0,0
semantic_trap,easy,6353,8,oracle_cause,1,1,18,10.645,589.907,,0.0,0,,,,18,0,0,0
semantic_trap,easy,6353,9,oracle_cause,0,0,50,-2.2197,128.0647,,0.0,0,,,,50,0,0,0
semantic_trap,easy,6353,0,particle,1,1,20,10.8,551.3025,0.001655,1.0,20,0.9,,0.05,20,0,0,0
semantic_trap,easy,6353,1,particle,1,1,18,10.47,587.9,0.001675,1.0,18,0.9444,,0.0556,18,0,0,0
semantic_trap,easy,6353,2,particle,0,0,50,-2.2548,134.0348,0.001667,1.0,50,1.0,,0.0,50,0,0,0
semantic_trap,easy,6353,3,particle,1,1,20,10.8,544.11,0.002286,1.0,20,0.95,,0.05,20,0,0,0
semantic_trap,easy,6353,4,particle,0,0,50,-2.1797,112.4123,0.001344,1.0,50,1.0,,0.0,50,0,0,0
semantic_trap,easy,6353,5,particle,0,0,50,-2.16,159.8642,0.001917,1.0,50,1.0,,0.0,50,0,0,0
semantic_trap,easy,6353,6,particle,0,0,50,-2.2895,116.5331,0.001632,1.0,50,1.0,,0.0,50,0,0,0
semantic_trap,easy,6353,7,particle,1,1,20,10.8,541.9294,0.001837,1.0,20,0.85,,0.05,20,0,0,0
semantic_trap,easy,6353,8,particle,0,0,50,-2.1698,135.6086,0.001467,1.0,50,1.0,,0.0,50,0,0,0
semantic_trap,easy,6353,9,particle,0,0,50,-2.1298,122.942,0.001114,1.0,50,1.0,,0.0,50,0,0,0
semantic_trap,easy,7353,0,no_teacher,0,0,50,-2.161,139.534,,0.0,0,,,,50,0,0,0
semantic_trap,easy,7353,1,no_teacher,0,0,50,-2.141,135.8619,,0.0,0,,,,50,0,0,0
semantic_trap,easy,7353,2,no_teacher,0,0,50,-2.1615,121.493,,0.0,0,,,,50,0,0,0
semantic_trap,easy,7353,3,no_teacher,0,0,50,-2.1815,128.6309,,0.0,0,,,,50,0,0,0
semantic_trap,easy,7353,4,no_teacher,0,0,50,-2.222,133.3618,,0.0,0,,,,50,0,0,0
semantic_trap,easy,7353,5,no_teacher,0,0,50,-2.162,118.8742,,0.0,0,,,,50,0,0,0
semantic_trap,easy,7353,6,no_teacher,0,0,50,-2.161,138.3729,,0.0,0,,,,50,0,0,0
semantic_trap,easy,7353,7,no_teacher,0,0,50,-2.201,144.6677,,0.0,0,,,,50,0,0,0
semantic_trap,easy,7353,8,no_teacher,0,0,50,-2.1415,119.99,,0.0,0,,,,50,0,0,0
semantic_trap,easy,7353,9,no_teacher,0,0,50,-2.121,125.2561,,0.0,0,,,,50,0,0,0
semantic_trap,easy,7353,0,always_help,0,0,50,-2.121,38.5905,,0.0,0,,,,0,50,0,0
semantic_trap,easy,7353,1,always_help,0,0,50,-2.191,42.1718,,0.0,0,,,,0,50,0,0
semantic_trap,easy,7353,2,always_help,0,0,50,-2.161,42.1839,,0.0,0,,,,0,50,0,0
semantic_trap,easy,7353,3,always_help,0,0,50,-2.161,40.4159,,0.0,0,,,,0,50,0,0
semantic_trap,easy,7353,4,always_help,0,0,50,-2.1815,39.9299,,0.0,0,,,,0,50,0,0
semantic_trap,easy,7353,5,always_help,0,0,50,-2.1615,39.3198,,0.0,0,,,,0,50,0,0
semantic_trap,easy,7353,6,always_help,0,0,50,-2.1615,38.4161,,0.0,0,,,,0,50,0,0
semantic_trap,easy,7353,7,always_help,0,0,50,-2.1815,40.2556,,0.0,0,,,,0,50,0,0
semantic_trap,easy,7353,8,always_help,0,0,50,-2.151,41.8207,,0.0,0,,,,0,50,0,0
semantic_trap,easy,7353,9,always_help,0,0,50,-2.141,39.2788,,0.0,0,,,,0,50,0,0
semantic_trap,easy,7353,0,oracle,0,0,50,-2.283,24.5389,,0.0,0,,,,0,50,0,0
semantic_trap,easy,7353,1,oracle,0,0,50,-2.161,23.8449,,0.0,0,,,,0,50,0,0
semantic_trap,easy,7353,2,oracle,0,0,50,-2.2015,24.7395,,0.0,0,,,,0,50,0,0
semantic_trap,easy,7353,3,oracle,0,0,50,-2.141,23.3853,,0.0,0,,,,0,50,0,0
semantic_trap,easy,7353,4,oracle,0,0,50,-2.202,23.9752,,0.0,0,,,,0,50,0,0
semantic_trap,easy,7353,5,oracle,0,0,50,-2.141,24.1698,,0.0,0,,,,0,50,0,0
semantic_trap,easy,7353,6,oracle,0,0,50,-2.222,26.202,,0.0,0,,,,0,50,0,0
semantic_trap,easy,7353,7,oracle,0,0,50,-2.162,22.5144,,0.0,0,,,,0,50,0,0
semantic_trap,easy,7353,8,oracle,0,0,50,-2.222,25.201,,0.0,0,,,,0,50,0,0
semantic_trap,easy,7353,9,oracle,0,0,50,-2.222,24.5236,,0.0,0,,,,0,50,0,0
semantic_trap,easy,7353,0,oracle_cause,0,0,50,-2.161,134.226,,0.0,0,,,,50,0,0,0
semantic_trap,easy,7353,1,oracle_cause,0,0,50,-2.1615,121.5583,,0.0,0,,,,50,0,0,0
semantic_trap,easy,7353,2,oracle_cause,0,0,50,-2.192,125.5582,,0.0,0,,,,50,0,0,0
semantic_trap,easy,7353,3,oracle_cause,0,0,50,-2.242,135.3317,,0.0,0,,,,50,0,0,0
semantic_trap,easy,7353,4,oracle_cause,0,0,50,-2.2015,135.5957,,0.0,0,,,,50,0,0,0
semantic_trap,easy,7353,5,oracle_cause,0,0,50,-2.182,125.5582,,0.0,0,,,,50,0,0,0
semantic_trap,easy,7353,6,oracle_cause,0,0,50,-2.262,136.117,,0.0,0,,,,50,0,0,0
semantic_trap,easy,7353,7,oracle_cause,0,0,50,-2.2025,118.0664,,0.0,0,,,,50,0,0,0
semantic_trap,easy,7353,8,oracle_cause,0,0,50,-2.182,125.5582,,0.0,0,,,,50,0,0,0
semantic_trap,easy,7353,9,oracle_cause,0,0,50,-2.2015,131.4153,,0.0,0,,,,50,0,0,0
semantic_trap,easy,7353,0,particle,0,0,50,-2.181,144.1442,0.001813,1.0,50,1.0,,0.0,50,0,0,0
semantic_trap,easy,7353,1,particle,0,0,50,-2.141,132.1035,0.001908,1.0,50,1.0,,0.0,50,0,0,0
semantic_trap,easy,7353,2,particle,0,0,50,-2.182,120.8342,0.001222,1.0,50,1.0,,0.0,50,0,0,0
semantic_trap,easy,7353,3,particle,0,0,50,-2.202,126.3953,0.002014,1.0,50,1.0,,0.0,50,0,0,0
semantic_trap,easy,7353,4,particle,0,0,50,-2.202,127.4943,0.000956,1.0,50,1.0,,0.0,50,0,0,0
semantic_trap,easy,7353,5,particle,0,0,50,-2.161,133.3389,0.000933,1.0,50,1.0,,0.0,50,0,0,0
semantic_trap,easy,7353,6,particle,0,0,50,-2.161,138.3729,0.001545,1.0,50,1.0,,0.0,50,0,0,0
semantic_trap,easy,7353,7,particle,0,0,50,-2.161,137.2197,0.001256,1.0,50,1.0,,0.0,50,0,0,0
semantic_trap,easy,7353,8,particle,0,0,50,-2.182,125.5582,0.002061,1.0,50,1.0,,0.0,50,0,0,0
semantic_trap,easy,7353,9,particle,0,0,50,-2.2015,134.4483,0.001501,1.0,50,1.0,,0.0,50,0,0,0
semantic_trap,medium,3353,0,no_teacher,0,0,40,-2.12,174.7203,,0.0,0,,,,40,0,0,0
semantic_trap,medium,3353,1,no_teacher,0,0,11,-5.36,475.8171,,0.0,0,,,,11,0,0,0
semantic_trap,medium,3353,2,no_teacher,0,0,10,-5.35,570.7784,,0.0,0,,,,10,0,0,0
semantic_trap,medium,3353,3,no_teacher,1,1,18,10.82,591.413,,0.0,0,,,,18,0,0,0
semantic_trap,medium,3353,4,no_teacher,0,0,40,-2.1858,151.8421,,0.0,0,,,,40,0,0,0
semantic_trap,medium,3353,5,no_teacher,0,0,9,-5.34,568.0256,,0.0,0,,,,9,0,0,0
semantic_trap,medium,3353,6,no_teacher,0,0,40,-2.1858,157.8787,,0.0,0,,,,40,0,0,0
semantic_trap,medium,3353,7,no_teacher,0,0,40,-2.1987,134.1288,,0.0,0,,,,40,0,0,0
semantic_trap,medium,3353,8,no_teacher,0,0,40,-2.2987,148.5749,,0.0,0,,,,40,0,0,0
semantic_trap,medium,3353,9,no_teacher,0,0,9,-5.34,574.6504,,0.0,0,,,,9,0,0,0
semantic_trap,medium,3353,0,always_help,0,0,13,-5.37,127.3354,,0.0,0,,,,0,13,0,0
semantic_trap,medium,3353,1,always_help,0,0,40,-2.1658,50.6162,,0.0,0,,,,0,40,0,0
semantic_trap,medium,3353,2,always_help,0,0,40,-2.1987,50.3846,,0.0,0,,,,0,40,0,0
semantic_trap,medium,3353,3,always_help,0,0,20,-4.4,103.5898,,0.0,0,,,,0,20,0,0
semantic_trap,medium,3353,4,always_help,0,0,8,-5.33,145.8756,,0.0,0,,,,0,8,0,0
semantic_trap,medium,3353,5,always_help,0,0,9,-5.34,142.9936,,0.0,0,,,,0,9,0,0
semantic_trap,medium,3353,6,always_help,0,0,9,-5.34,146.7384,,0.0,0,,,,0,9,0,0
semantic_trap,medium,3353,7,always_help,1,1,20,10.8,117.8629,,0.0,0,,,,0,20,0,0
semantic_trap,medium,3353,8,always_help,0,0,40,-2.1658,49.5812,,0.0,0,,,,0,40,0,0
semantic_trap,medium,3353,9,always_help,0,0,10,-5.35,143.7017,,0.0,0,,,,0,10,0,0
semantic_trap,medium,3353,0,oracle,0,0,13,-5.38,77.0844,,0.0,0,,,,0,13,0,0
semantic_trap,medium,3353,1,oracle,0,0,10,-5.35,95.3154,,0.0,0,,,,0,10,0,0
semantic_trap,medium,3353,2,oracle,0,0,40,-2.1987,27.9458,,0.0,0,,,,0,40,0,0
semantic_trap,medium,3353,3,oracle,1,1,18,10.82,98.948,,0.0,0,,,,0,18,0,0
semantic_trap,medium,3353,4,oracle,0,0,40,-2.2616,29.7258,,0.0,0,,,,0,40,0,0
semantic_trap,medium,3353,5,oracle,0,0,40,-2.2058,32.3896,,0.0,0,,,,0,40,0,0
semantic_trap,medium,3353,6,oracle,0,0,40,-2.3116,29.7145,,0.0,0,,,,0,40,0,0
semantic_trap,medium,3353,7,oracle,0,0,12,-5.37,89.0667,,0.0,0,,,,0,12,0,0
semantic_trap,medium,3353,8,oracle,0,0,40,-2.2787,31.7332,,0.0,0,,,,0,40,0,0
semantic_trap,medium,3353,9,oracle,0,0,10,-5.35,78.3902,,0.0,0,,,,0,10,0,0
semantic_trap,medium,3353,0,oracle_cause,0,0,40,-2.2516,136.5848,,0.0,0,,,,40,0,0,0
semantic_trap,medium,3353,1,oracle_cause,0,0,10,-5.35,580.4647,,0.0,0,,,,10,0,0,0
semantic_trap,medium,3353,2,oracle_cause,0,0,40,-2.1987,138.9875,,0.0,0,,,,40,0,0,0
semantic_trap,medium,3353,3,oracle_cause,1,1,20,10.8,544.9776,,0.0,0,,,,20,0,0,0
semantic_trap,medium,3353,4,oracle_cause,0,0,40,-2.2387,148.6853,,0.0,0,,,,40,0,0,0
semantic_trap,medium,3353,5,oracle_cause,1,1,18,10.82,470.9394,,0.0,0,,,,17,1,0,0
semantic_trap,medium,3353,6,oracle_cause,0,0,40,-2.1958,157.8787,,0.0,0,,,,40,0,0,0
semantic_trap,medium,3353,7,oracle_cause,0,0,10,-5.35,574.1387,,0.0,0,,,,10,0,0,0
semantic_trap,medium,3353,8,oracle_cause,1,1,18,10.82,582.9228,,0.0,0,,,,18,0,0,0
semantic_trap,medium,3353,9,oracle_cause,0,0,11,-5.36,479.0453,,0.0,0,,,,11,0,0,0
semantic_trap,medium,3353,0,particle,0,0,40,-2.1987,139.4602,0.001292,1.0,40,1.0,,0.0,40,0,0,0
semantic_trap,medium,3353,1,particle,0,0,12,-5.37,406.125,0.001039,0.8333,12,0.9167,0.0,0.0,11,1,0,0
semantic_trap,medium,3353,2,particle,0,0,40,-2.2587,157.0688,0.001301,1.0,40,1.0,,0.0,40,0,0,0
semantic_trap,medium,3353,3,particle,0,0,11,-5.36,479.0135,0.001508,1.0,11,1.0,,0.0,11,0,0,0
semantic_trap,medium,3353,4,particle,0,0,40,-2.2187,142.137,0.001213,1.0,40,1.0,,0.0,40,0,0,0
semantic_trap,medium,3353,5,particle,0,0,40,-2.1658,154.0416,0.001449,1.0,40,1.0,,0.0,40,0,0,0
semantic_trap,medium,3353,6,particle,0,0,10,-5.35,569.8423,0.002072,1.0,10,1.0,,0.0,10,0,0,0
semantic_trap,medium,3353,7,particle,1,1,20,10.8,449.889,0.002186,0.95,20,0.9,0.0,0.0526,19,1,0,0
semantic_trap,medium,3353,8,particle,0,0,9,-5.34,557.034,0.000869,1.0,9,1.0,,0.0,9,0,0,0
semantic_trap,medium,3353,9,particle,0,0,40,-2.1,176.1972,0.001493,1.0,40,1.0,,0.0,40,0,0,0
semantic_trap,medium,4353,0,no_teacher,0,0,40,-2.2301,141.8708,,0.0,0,,,,40,0,0,0
semantic_trap,medium,4353,1,no_teacher,0,0,40,-2.2651,122.3551,,0.0,0,,,,40,0,0,0
semantic_trap,medium,4353,2,no_teacher,0,0,40,-2.2101,133.7499,,0.0,0,,,,40,0,0,0
semantic_trap,medium,4353,3,no_teacher,0,0,40,-2.2501,149.7475,,0.0,0,,,,40,0,0,0
semantic_trap,medium,4353,4,no_teacher,0,0,40,-2.2026,138.8584,,0.0,0,,,,40,0,0,0
semantic_trap,medium,4353,5,no_teacher,0,0,40,-2.2101,141.3678,,0.0,0,,,,40,0,0,0
semantic_trap,medium,4353,6,no_teacher,0,0,40,-2.155,153.7074,,0.0,0,,,,40,0,0,0
semantic_trap,medium,4353,7,no_teacher,0,0,40,-2.1901,132.1849,,0.0,0,,,,40,0,0,0
semantic_trap,medium,4353,8,no_teacher,0,0,40,-2.1901,131.7904,,0.0,0,,,,40,0,0,0
semantic_trap,medium,4353,9,no_teacher,0,0,40,-2.1901,132.1849,,0.0,0,,,,40,0,0,0
semantic_trap,medium,4353,0,always_help,0,0,40,-2.175,50.4732,,0.0,0,,,,0,40,0,0
semantic_trap,medium,4353,1,always_help,0,0,40,-2.2026,49.9367,,0.0,0,,,,0,40,0,0
semantic_trap,medium,4353,2,always_help,0,0,40,-2.2026,50.2989,,0.0,0,,,,0,40,0,0
semantic_trap,medium,4353,3,always_help,0,0,40,-2.1626,47.8011,,0.0,0,,,,0,40,0,0
semantic_trap,medium,4353,4,always_help,0,0,40,-2.2226,50.377,,0.0,0,,,,0,40,0,0
semantic_trap,medium,4353,5,always_help,0,0,40,-2.1626,48.5653,,0.0,0,,,,0,40,0,0
semantic_trap,medium,4353,6,always_help,0,0,40,-2.215,53.8123,,0.0,0,,,,0,40,0,0
semantic_trap,medium,4353,7,always_help,0,0,40,-2.1626,48.9419,,0.0,0,,,,0,40,0,0
semantic_trap,medium,4353,8,always_help,0,0,40,-2.2026,49.4618,,0.0,0,,,,0,40,0,0
semantic_trap,medium,4353,9,always_help,0,0,40,-2.135,49.3825,,0.0,0,,,,0,40,0,0
semantic_trap,medium,4353,0,oracle,0,0,40,-2.175,28.8966,,0.0,0,,,,0,40,0,0
semantic_trap,medium,4353,1,oracle,0,0,40,-2.1901,26.8622,,0.0,0,,,,0,40,0,0
semantic_trap,medium,4353,2,oracle,0,0,40,-2.2101,27.1802,,0.0,0,,,,0,40,0,0
semantic_trap,medium,4353,3,oracle,0,0,40,-2.2101,28.411,,0.0,0,,,,0,40,0,0
semantic_trap,medium,4353,4,oracle,0,0,40,-2.1901,26.8622,,0.0,0,,,,0,40,0,0
semantic_trap,medium,4353,5,oracle,0,0,40,-2.2501,30.4312,,0.0,0,,,,0,40,0,0
semantic_trap,medium,4353,6,oracle,0,0,40,-2.2101,28.2053,,0.0,0,,,,0,40,0,0
semantic_trap,medium,4353,7,oracle,0,0,40,-2.2026,28.2944,,0.0,0,,,,0,40,0,0
semantic_trap,medium,4353,8,oracle,0,0,40,-2.2101,27.1802,,0.0,0,,,,0,40,0,0
semantic_trap,medium,4353,9,oracle,0,0,40,-2.1626,26.5294,,0.0,0,,,,0,40,0,0
semantic_trap,medium,4353,0,oracle_cause,0,0,40,-2.2101,141.4366,,0.0,0,,,,40,0,0,0
semantic_trap,medium,4353,1,oracle_cause,0,0,40,-2.155,153.7074,,0.0,0,,,,40,0,0,0
semantic_trap,medium,4353,2,oracle_cause,0,0,40,-2.2501,144.7139,,0.0,0,,,,40,0,0,0
semantic_trap,medium,4353,3,oracle_cause,0,0,40,-2.2301,141.3678,,0.0,0,,,,40,0,0,0
semantic_trap,medium,4353,4,oracle_cause,0,0,40,-2.155,146.6533,,0.0,0,,,,40,0,0,0
semantic_trap,medium,4353,5,oracle_cause,0,0,40,-2.2301,134.7176,,0.0,0,,,,40,0,0,0
semantic_trap,medium,4353,6,oracle_cause,0,0,40,-2.2951,122.2065,,0.0,0,,,,40,0,0,0
semantic_trap,medium,4353,7,oracle_cause,0,0,40,-2.1626,136.4801,,0.0,0,,,,40,0,0,0
semantic_trap,medium,4353,8,oracle_cause,0,0,40,-2.175,155.4297,,0.0,0,,,,40,0,0,0
semantic_trap,medium,4353,9,oracle_cause,0,0,40,-2.1901,132.1849,,0.0,0,,,,40,0,0,0
semantic_trap,medium,4353,0,particle,0,0,40,-2.2101,133.7499,0.001331,1.0,40,1.0,,0.0,40,0,0,0
semantic_trap,medium,4353,1,particle,0,0,40,-2.2301,144.1377,0.001927,1.0,40,1.0,,0.0,40,0,0,0
semantic_trap,medium,4353,2,particle,0,0,40,-2.2501,149.7475,0.001207,1.0,40,1.0,,0.0,40,0,0,0
semantic_trap,medium,4353,3,particle,0,0,40,-2.2426,161.0915,0.002135,1.0,40,1.0,,0.0,40,0,0,0
semantic_trap,medium,4353,4,particle,0,0,40,-2.1826,144.0122,0.001479,1.0,40,1.0,,0.0,40,0,0,0
semantic_trap,medium,4353,5,particle,0,0,40,-2.2576,135.3646,0.001561,1.0,40,1.0,,0.0,40,0,0,0
semantic_trap,medium,4353,6,particle,0,0,40,-2.2501,149.0871,0.001323,1.0,40,1.0,,0.0,40,0,0,0
semantic_trap,medium,4353,7,particle,0,0,40,-2.2226,147.9515,0.002043,1.0,40,1.0,,0.0,40,0,0,0
semantic_trap,medium,4353,8,particle,0,0,40,-2.1826,138.3846,0.001661,1.0,40,1.0,,0.0,40,0,0,0
semantic_trap,medium,4353,9,particle,0,0,40,-2.1826,143.7836,0.001106,1.0,40,1.0,,0.0,40,0,0,0
semantic_trap,medium,5353,0,no_teacher,0,0,40,-2.3852,119.8247,,0.0,0,,,,40,0,0,0
semantic_trap,medium,5353,1,no_teacher,1,1,18,10.82,585.6277,,0.0,0,,,,18,0,0,0
semantic_trap,medium,5353,2,no_teacher,0,0,9,-5.34,568.0256,,0.0,0,,,,9,0,0,0
semantic_trap,medium,5353,3,no_teacher,0,0,40,-2.1795,131.8637,,0.0,0,,,,40,0,0,0
semantic_trap,medium,5353,4,no_teacher,0,0,40,-2.2326,133.8937,,0.0,0,,,,40,0,0,0
semantic_trap,medium,5353,5,no_teacher,0,0,40,-2.1995,133.1293,,0.0,0,,,,40,0,0,0
semantic_trap,medium,5353,6,no_teacher,0,0,40,-2.2126,126.5945,,0.0,0,,,,40,0,0,0
semantic_trap,medium,5353,7,no_teacher,0,0,40,-2.2126,126.5945,,0.0,0,,,,40,0,0,0
semantic_trap,medium,5353,8,no_teacher,0,0,40,-2.1463,145.7277,,0.0,0,,,,40,0,0,0
semantic_trap,medium,5353,9,no_teacher,0,0,40,-2.2595,153.0702,,0.0,0,,,,40,0,0,0
semantic_trap,medium,5353,0,always_help,0,0,40,-2.3589,50.8988,,0.0,0,,,,0,40,0,0
semantic_trap,medium,5353,1,always_help,1,1,18,10.82,126.2838,,0.0,0,,,,0,18,0,0
semantic_trap,medium,5353,2,always_help,0,0,40,-2.2126,48.6269,,0.0,0,,,,0,40,0,0
semantic_trap,medium,5353,3,always_help,0,0,40,-2.2726,51.4768,,0.0,0,,,,0,40,0,0
semantic_trap,medium,5353,4,always_help,0,0,40,-2.2126,48.2292,,0.0,0,,,,0,40,0,0
semantic_trap,medium,5353,5,always_help,0,0,40,-2.3389,49.2718,,0.0,0,,,,0,40,0,0
semantic_trap,medium,5353,6,always_help,0,0,40,-2.2126,48.6269,,0.0,0,,,,0,40,0,0
semantic_trap,medium,5353,7,always_help,0,0,40,-2.2526,50.8453,,0.0,0,,,,0,40,0,0
semantic_trap,medium,5353,8,always_help,1,1,20,10.8,119.1644,,0.0,0,,,,0,20,0,0
semantic_trap,medium,5353,9,always_help,0,0,14,-5.33,100.8896,,0.0,0,,,,0,14,0,0
semantic_trap,medium,5353,0,oracle,0,0,10,-5.35,94.5387,,0.0,0,,,,0,10,0,0
semantic_trap,medium,5353,1,oracle,0,0,40,-2.2126,26.6232,,0.0,0,,,,0,40,0,0
semantic_trap,medium,5353,2,oracle,0,0,40,-2.1463,27.553,,0.0,0,,,,0,40,0,0
semantic_trap,medium,5353,3,oracle,0,0,40,-2.14,31.4872,,0.0,0,,,,0,40,0,0
semantic_trap,medium,5353,4,oracle,0,0,40,-2.2626,28.344,,0.0,0,,,,0,40,0,0
semantic_trap,medium,5353,5,oracle,0,0,40,-2.1795,26.2593,,0.0,0,,,,0,40,0,0
semantic_trap,medium,5353,6,oracle,0,0,40,-2.2063,29.5492,,0.0,0,,,,0,40,0,0
semantic_trap,medium,5353,7,oracle,0,0,40,-2.14,32.5012,,0.0,0,,,,0,40,0,0
semantic_trap,medium,5353,8,oracle,0,0,40,-2.3389,28.5433,,0.0,0,,,,0,40,0,0
semantic_trap,medium,5353,9,oracle,0,0,40,-2.2463,31.526,,0.0,0,,,,0,40,0,0
semantic_trap,medium,5353,0,oracle_cause,0,0,10,-5.35,583.652,,0.0,0,,,,10,0,0,0
semantic_trap,medium,5353,1,oracle_cause,0,0,10,-5.35,583.652,,0.0,0,,,,10,0,0,0
semantic_trap,medium,5353,2,oracle_cause,0,0,40,-2.2326,128.0934,,0.0,0,,,,40,0,0,0
semantic_trap,medium,5353,3,oracle_cause,0,0,40,-2.2395,149.1773,,0.0,0,,,,40,0,0,0
semantic_trap,medium,5353,4,oracle_cause,0,0,40,-2.2195,141.9187,,0.0,0,,,,40,0,0,0
semantic_trap,medium,5353,5,oracle_cause,0,0,40,-2.1463,141.2351,,0.0,0,,,,40,0,0,0
semantic_trap,medium,5353,6,oracle_cause,1,1,18,10.82,482.2875,,0.0,0,,,,17,1,0,0
semantic_trap,medium,5353,7,oracle_cause,0,0,40,-2.1663,154.1844,,0.0,0,,,,40,0,0,0
semantic_trap,medium,5353,8,oracle_cause,0,0,40,-2.2326,133.8937,,0.0,0,,,,40,0,0,0
semantic_trap,medium,5353,9,oracle_cause,0,0,40,-2.1,181.2191,,0.0,0,,,,40,0,0,0
semantic_trap,medium,5353,0,particle,1,1,20,10.8,538.1,0.002967,1.0,20,0.9,,0.05,20,0,0,0
semantic_trap,medium,5353,1,particle,1,1,20,10.8,561.914,0.001561,1.0,20,0.85,,0.05,20,0,0,0
semantic_trap,medium,5353,2,particle,1,1,20,10.8,542.4183,0.00204,0.95,20,0.9,,0.05,20,0,0,0
semantic_trap,medium,5353,3,particle,0,0,40,-2.2063,158.1058,0.001465,1.0,40,1.0,,0.0,40,0,0,0
semantic_trap,medium,5353,4,particle,1,1,20,10.8,582.9058,0.003052,1.0,20,0.9,,0.05,20,0,0,0
semantic_trap,medium,5353,5,particle,0,0,40,-2.3126,139.5587,0.001464,1.0,40,1.0,,0.0,40,0,0,0
semantic_trap,medium,5353,6,particle,1,1,19,10.82,569.2891,0.001244,1.0,19,0.8947,,0.0526,19,0,0,0
semantic_trap,medium,5353,7,particle,0,0,40,-2.2526,135.3891,0.001287,1.0,40,1.0,,0.0,40,0,0,0
semantic_trap,medium,5353,8,particle,0,0,40,-2.1795,131.4093,0.0011,1.0,40,1.0,,0.0,40,0,0,0
semantic_trap,medium,5353,9,particle,0,0,40,-2.12,183.8451,0.001776,1.0,40,1.0,,0.0,40,0,0,0
semantic_trap,medium,6353,0,no_teacher,1,1,18,10.82,594.4345,,0.0,0,,,,18,0,0,0
semantic_trap,medium,6353,1,no_teacher,0,0,40,-2.2197,138.4547,,0.0,0,,,,40,0,0,0
semantic_trap,medium,6353,2,no_teacher,0,0,40,-2.2397,145.3009,,0.0,0,,,,40,0,0,0
semantic_trap,medium,6353,3,no_teacher,0,0,40,-2.2348,151.2437,,0.0,0,,,,40,0,0,0
semantic_trap,medium,6353,4,no_teacher,0,0,40,-2.1797,134.9425,,0.0,0,,,,40,0,0,0
semantic_trap,medium,6353,5,no_teacher,0,0,40,-2.1948,154.3498,,0.0,0,,,,40,0,0,0
semantic_trap,medium,6353,6,no_teacher,0,0,40,-2.2197,144.317,,0.0,0,,,,40,0,0,0
semantic_trap,medium,6353,7,no_teacher,0,0,40,-2.1298,146.7856,,0.0,0,,,,40,0,0,0
semantic_trap,medium,6353,8,no_teacher,0,0,40,-2.1698,156.1918,,0.0,0,,,,40,0,0,0
semantic_trap,medium,6353,9,no_teacher,0,0,9,-5.34,559.5354,,0.0,0,,,,9,0,0,0
semantic_trap,medium,6353,0,always_help,1,1,20,10.82,119.5772,,0.0,0,,,,0,20,0,0
semantic_trap,medium,6353,1,always_help,0,0,12,-5.37,133.5698,,0.0,0,,,,0,12,0,0
semantic_trap,medium,6353,2,always_help,0,0,40,-2.2298,51.089,,0.0,0,,,,0,40,0,0
semantic_trap,medium,6353,3,always_help,0,0,11,-5.34,124.8796,,0.0,0,,,,0,11,0,0
semantic_trap,medium,6353,4,always_help,0,0,40,-2.12,54.7825,,0.0,0,,,,0,40,0,0
semantic_trap,medium,6353,5,always_help,0,0,40,-2.1948,49.4937,,0.0,0,,,,0,40,0,0
semantic_trap,medium,6353,6,always_help,0,0,40,-2.1748,50.1129,,0.0,0,,,,0,40,0,0
semantic_trap,medium,6353,7,always_help,0,0,40,-2.1898,51.8026,,0.0,0,,,,0,40,0,0
semantic_trap,medium,6353,8,always_help,0,0,40,-2.2197,50.4527,,0.0,0,,,,0,40,0,0
semantic_trap,medium,6353,9,always_help,0,0,12,-5.37,129.3418,,0.0,0,,,,0,12,0,0
semantic_trap,medium,6353,0,oracle,0,0,40,-2.1748,28.2162,,0.0,0,,,,0,40,0,0
semantic_trap,medium,6353,1,oracle,0,0,40,-2.14,32.2941,,0.0,0,,,,0,40,0,0
semantic_trap,medium,6353,2,oracle,0,0,40,-2.2098,29.58,,0.0,0,,,,0,40,0,0
semantic_trap,medium,6353,3,oracle,0,0,40,-2.2397,28.8828,,0.0,0,,,,0,40,0,0
semantic_trap,medium,6353,4,oracle,0,0,40,-2.08,28.5607,,0.0,0,,,,0,40,0,0
semantic_trap,medium,6353,5,oracle,1,1,20,10.8,88.6987,,0.0,0,,,,0,20,0,0
semantic_trap,medium,6353,6,oracle,0,0,40,-2.2297,28.9714,,0.0,0,,,,0,40,0,0
semantic_trap,medium,6353,7,oracle,0,0,40,-2.1398,26.9525,,0.0,0,,,,0,40,0,0
semantic_trap,medium,6353,8,oracle,0,0,40,-2.2098,31.3787,,0.0,0,,,,0,40,0,0
semantic_trap,medium,6353,9,oracle,0,0,40,-2.2197,30.162,,0.0,0,,,,0,40,0,0
semantic_trap,medium,6353,0,oracle_cause,0,0,40,-2.1797,134.9425,,0.0,0,,,,40,0,0,0
semantic_trap,medium,6353,1,oracle_cause,1,1,20,10.8,548.4085,,0.0,0,,,,20,0,0,0
semantic_trap,medium,6353,2,oracle_cause,0,0,9,-5.34,565.1201,,0.0,0,,,,9,0,0,0
semantic_trap,medium,6353,3,oracle_cause,0,0,11,-5.36,489.6044,,0.0,0,,,,11,0,0,0
semantic_trap,medium,6353,4,oracle_cause,0,0,12,-5.37,584.7351,,0.0,0,,,,12,0,0,0
semantic_trap,medium,6353,5,oracle_cause,0,0,40,-2.1548,138.2495,,0.0,0,,,,40,0,0,0
semantic_trap,medium,6353,6,oracle_cause,0,0,10,-5.35,518.633,,0.0,0,,,,10,0,0,0
semantic_trap,medium,6353,7,oracle_cause,0,0,40,-2.2197,136.7992,,0.0,0,,,,40,0,0,0
semantic_trap,medium,6353,8,oracle_cause,0,0,40,-2.1898,159.8083,,0.0,0,,,,40,0,0,0
semantic_trap,medium,6353,9,oracle_cause,0,0,40,-2.1748,146.4941,,0.0,0,,,,40,0,0,0
semantic_trap,medium,6353,0,particle,0,0,40,-2.2597,147.8616,0.002354,1.0,40,1.0,,0.0,40,0,0,0
semantic_trap,medium,6353,1,particle,0,0,40,-2.1797,134.5398,0.001274,1.0,40,1.0,,0.0,40,0,0,0
semantic_trap,medium,6353,2,particle,0,0,10,-5.35,580.101,0.001298,1.0,10,1.0,,0.0,10,0,0,0
semantic_trap,medium,6353,3,particle,1,1,19,10.82,561.0479,0.00351,1.0,19,0.8421,,0.0526,19,0,0,0
semantic_trap,medium,6353,4,particle,0,0,8,-5.33,556.8579,0.000857,1.0,8,1.0,,0.0,8,0,0,0
semantic_trap,medium,6353,5,particle,0,0,9,-5.34,565.1201,0.001169,1.0,9,1.0,,0.0,9,0,0,0
semantic_trap,medium,6353,6,particle,0,0,40,-2.1498,154.6665,0.003014,1.0,40,1.0,,0.0,40,0,0,0
semantic_trap,medium,6353,7,particle,0,0,9,-5.34,559.5354,0.000857,1.0,9,1.0,,0.0,9,0,0,0
semantic_trap,medium,6353,8,particle,0,0,40,-2.12,183.3519,0.001096,1.0,40,1.0,,0.0,40,0,0,0
semantic_trap,medium,6353,9,particle,1,1,19,10.82,571.3527,0.002009,1.0,19,0.8421,,0.0526,19,0,0,0
semantic_trap,medium,7353,0,no_teacher,0,0,40,-2.121,149.3439,,0.0,0,,,,40,0,0,0
semantic_trap,medium,7353,1,no_teacher,0,0,40,-2.121,154.0944,,0.0,0,,,,40,0,0,0
semantic_trap,medium,7353,2,no_teacher,0,0,40,-2.182,141.5509,,0.0,0,,,,40,0,0,0
semantic_trap,medium,7353,3,no_teacher,0,0,40,-2.121,149.3439,,0.0,0,,,,40,0,0,0
semantic_trap,medium,7353,4,no_teacher,0,0,40,-2.121,154.0944,,0.0,0,,,,40,0,0,0
semantic_trap,medium,7353,5,no_teacher,0,0,40,-2.202,155.6335,,0.0,0,,,,40,0,0,0
semantic_trap,medium,7353,6,no_teacher,0,0,40,-2.2015,164.3936,,0.0,0,,,,40,0,0,0
semantic_trap,medium,7353,7,no_teacher,0,0,40,-2.161,156.6576,,0.0,0,,,,40,0,0,0
semantic_trap,medium,7353,8,no_teacher,0,0,40,-2.2225,136.2959,,0.0,0,,,,40,0,0,0
semantic_trap,medium,7353,9,no_teacher,0,0,40,-2.221,171.0759,,0.0,0,,,,40,0,0,0
semantic_trap,medium,7353,0,always_help,0,0,40,-2.161,50.909,,0.0,0,,,,0,40,0,0
semantic_trap,medium,7353,1,always_help,0,0,40,-2.121,50.5496,,0.0,0,,,,0,40,0,0
semantic_trap,medium,7353,2,always_help,0,0,40,-2.2415,51.7885,,0.0,0,,,,0,40,0,0
semantic_trap,medium,7353,3,always_help,0,0,40,-2.161,53.1747,,0.0,0,,,,0,40,0,0
semantic_trap,medium,7353,4,always_help,0,0,40,-2.1415,49.0864,,0.0,0,,,,0,40,0,0
semantic_trap,medium,7353,5,always_help,0,0,40,-2.1815,53.3571,,0.0,0,,,,0,40,0,0
semantic_trap,medium,7353,6,always_help,0,0,40,-2.1615,49.9103,,0.0,0,,,,0,40,0,0
semantic_trap,medium,7353,7,always_help,0,0,40,-2.202,50.0648,,0.0,0,,,,0,40,0,0
semantic_trap,medium,7353,8,always_help,0,0,40,-2.2315,54.1219,,0.0,0,,,,0,40,0,0
semantic_trap,medium,7353,9,always_help,0,0,40,-2.1615,50.845,,0.0,0,,,,0,40,0,0
semantic_trap,medium,7353,0,oracle,0,0,40,-2.201,30.927,,0.0,0,,,,0,40,0,0
semantic_trap,medium,7353,1,oracle,0,0,40,-2.1615,26.9986,,0.0,0,,,,0,40,0,0
semantic_trap,medium,7353,2,oracle,0,0,40,-2.182,28.652,,0.0,0,,,,0,40,0,0
semantic_trap,medium,7353,3,oracle,0,0,40,-2.141,28.6057,,0.0,0,,,,0,40,0,0
semantic_trap,medium,7353,4,oracle,0,0,40,-2.121,27.8388,,0.0,0,,,,0,40,0,0
semantic_trap,medium,7353,5,oracle,0,0,40,-2.162,27.1664,,0.0,0,,,,0,40,0,0
semantic_trap,medium,7353,6,oracle,0,0,40,-2.2015,30.2698,,0.0,0,,,,0,40,0,0
semantic_trap,medium,7353,7,oracle,0,0,40,-2.202,29.2632,,0.0,0,,,,0,40,0,0
semantic_trap,medium,7353,8,oracle,0,0,40,-2.161,28.9115,,0.0,0,,,,0,40,0,0
semantic_trap,medium,7353,9,oracle,0,0,40,-2.1815,28.7525,,0.0,0,,,,0,40,0,0
semantic_trap,medium,7353,0,oracle_cause,0,0,40,-2.243,147.2492,,0.0,0,,,,40,0,0,0
semantic_trap,medium,7353,1,oracle_cause,0,0,40,-2.182,141.5509,,0.0,0,,,,40,0,0,0
semantic_trap,medium,7353,2,oracle_cause,0,0,40,-2.222,145.1339,,0.0,0,,,,40,0,0,0
semantic_trap,medium,7353,3,oracle_cause,0,0,40,-2.182,147.9606,,0.0,0,,,,40,0,0,0
semantic_trap,medium,7353,4,oracle_cause,0,0,40,-2.141,163.0365,,0.0,0,,,,40,0,0,0
semantic_trap,medium,7353,5,oracle_cause,0,0,40,-2.201,168.1022,,0.0,0,,,,40,0,0,0
semantic_trap,medium,7353,6,oracle_cause,0,0,40,-2.141,163.0365,,0.0,0,,,,40,0,0,0
semantic_trap,medium,7353,7,oracle_cause,0,0,40,-2.182,141.5509,,0.0,0,,,,40,0,0,0
semantic_trap,medium,7353,8,oracle_cause,0,0,40,-2.182,147.9606,,0.0,0,,,,40,0,0,0
semantic_trap,medium,7353,9,oracle_cause,0,0,40,-2.223,136.086,,0.0,0,,,,40,0,0,0
semantic_trap,medium,7353,0,particle,0,0,40,-2.1415,142.7154,0.001218,1.0,40,1.0,,0.0,40,0,0,0
semantic_trap,medium,7353,1,particle,0,0,40,-2.1815,153.6217,0.001465,1.0,40,1.0,,0.0,40,0,0,0
semantic_trap,medium,7353,2,particle,0,0,40,-2.1815,152.5627,0.001186,1.0,40,1.0,,0.0,40,0,0,0
semantic_trap,medium,7353,3,particle,0,0,40,-2.121,149.7293,0.001634,1.0,40,1.0,,0.0,40,0,0,0
semantic_trap,medium,7353,4,particle,0,0,40,-2.263,141.7211,0.001221,1.0,40,1.0,,0.0,40,0,0,0
semantic_trap,medium,7353,5,particle,0,0,40,-2.182,141.5509,0.001809,1.0,40,1.0,,0.0,40,0,0,0
semantic_trap,medium,7353,6,particle,0,0,40,-2.2215,163.543,0.00136,1.0,40,1.0,,0.0,40,0,0,0
semantic_trap,medium,7353,7,particle,0,0,40,-2.202,150.6446,0.001416,1.0,40,1.0,,0.0,40,0,0,0
semantic_trap,medium,7353,8,particle,0,0,40,-2.202,148.2,0.001222,1.0,40,1.0,,0.0,40,0,0,0
semantic_trap,medium,7353,9,particle,0,0,40,-2.2015,161.227,0.00153,1.0,40,1.0,,0.0,40,0,0,0
semantic_trap,hard,3353,0,no_teacher,0,0,35,-2.1,203.882,,0.0,0,,,,35,0,0,0
semantic_trap,hard,3353,1,no_teacher,0,0,35,-2.2316,139.9552,,0.0,0,,,,35,0,0,0
semantic_trap,hard,3353,2,no_teacher,0,0,9,-5.44,562.6187,,0.0,0,,,,9,0,0,0
semantic_trap,hard,3353,3,no_teacher,0,0,35,-2.2087,153.5711,,0.0,0,,,,35,0,0,0
semantic_trap,hard,3353,4,no_teacher,0,0,9,-5.44,568.0256,,0.0,0,,,,9,0,0,0
semantic_trap,hard,3353,5,no_teacher,0,0,9,-5.44,568.4325,,0.0,0,,,,9,0,0,0
semantic_trap,hard,3353,6,no_teacher,1,1,18,10.82,575.6722,,0.0,0,,,,18,0,0,0
semantic_trap,hard,3353,7,no_teacher,0,0,9,-5.44,568.0256,,0.0,0,,,,9,0,0,0
semantic_trap,hard,3353,8,no_teacher,0,0,35,-2.2187,148.1648,,0.0,0,,,,35,0,0,0
semantic_trap,hard,3353,9,no_teacher,0,0,9,-5.44,568.0256,,0.0,0,,,,9,0,0,0
semantic_trap,hard,3353,0,always_help,0,0,9,-5.44,151.1368,,0.0,0,,,,0,9,0,0
semantic_trap,hard,3353,1,always_help,0,0,11,-5.46,144.8469,,0.0,0,,,,0,11,0,0
semantic_trap,hard,3353,2,always_help,0,0,35,-2.1658,58.9678,,0.0,0,,,,0,35,0,0
semantic_trap,hard,3353,3,always_help,0,0,35,-2.1787,56.6289,,0.0,0,,,,0,35,0,0
semantic_trap,hard,3353,4,always_help,0,0,35,-2.1787,56.788,,0.0,0,,,,0,35,0,0
semantic_trap,hard,3353,5,always_help,0,0,35,-2.2587,61.0673,,0.0,0,,,,0,35,0,0
semantic_trap,hard,3353,6,always_help,0,0,35,-2.1,62.0948,,0.0,0,,,,0,35,0,0
semantic_trap,hard,3353,7,always_help,0,0,35,-2.2387,58.1672,,0.0,0,,,,0,35,0,0
semantic_trap,hard,3353,8,always_help,0,0,9,-5.44,150.1778,,0.0,0,,,,0,9,0,0
semantic_trap,hard,3353,9,always_help,0,0,9,-5.44,151.1368,,0.0,0,,,,0,9,0,0
semantic_trap,hard,3353,0,oracle,0,0,35,-2.1658,32.7086,,0.0,0,,,,0,35,0,0
semantic_trap,hard,3353,1,oracle,0,0,35,-2.1787,29.3695,,0.0,0,,,,0,35,0,0
semantic_trap,hard,3353,2,oracle,0,0,10,-5.45,93.3258,,0.0,0,,,,0,10,0,0
semantic_trap,hard,3353,3,oracle,0,0,35,-2.2316,30.0285,,0.0,0,,,,0,35,0,0
semantic_trap,hard,3353,4,oracle,0,0,35,-2.1458,29.9196,,0.0,0,,,,0,35,0,0
semantic_trap,hard,3353,5,oracle,0,0,35,-2.1787,29.3695,,0.0,0,,,,0,35,0,0
semantic_trap,hard,3353,6,oracle,0,0,9,-5.44,94.6718,,0.0,0,,,,0,9,0,0
semantic_trap,hard,3353,7,oracle,0,0,35,-2.2316,31.3684,,0.0,0,,,,0,35,0,0
semantic_trap,hard,3353,8,oracle,0,0,35,-2.2316,31.3684,,0.0,0,,,,0,35,0,0
semantic_trap,hard,3353,9,oracle,0,0,35,-2.1987,31.3399,,0.0,0,,,,0,35,0,0
semantic_trap,hard,3353,0,oracle_cause,0,0,9,-5.44,565.2951,,0.0,0,,,,9,0,0,0
semantic_trap,hard,3353,1,oracle_cause,0,0,35,-2.1,194.7393,,0.0,0,,,,35,0,0,0
semantic_trap,hard,3353,2,oracle_cause,0,0,35,-2.1987,152.5374,,0.0,0,,,,35,0,0,0
semantic_trap,hard,3353,3,oracle_cause,0,0,35,-2.2658,194.4833,,0.0,0,,,,35,0,0,0
semantic_trap,hard,3353,4,oracle_cause,0,0,8,-5.43,553.3892,,0.0,0,,,,8,0,0,0
semantic_trap,hard,3353,5,oracle_cause,0,0,11,-5.46,575.0913,,0.0,0,,,,11,0,0,0
semantic_trap,hard,3353,6,oracle_cause,0,0,35,-2.12,207.2674,,0.0,0,,,,35,0,0,0
semantic_trap,hard,3353,7,oracle_cause,0,0,35,-2.2116,137.9732,,0.0,0,,,,35,0,0,0
semantic_trap,hard,3353,8,oracle_cause,0,0,35,-2.1558,155.8443,,0.0,0,,,,35,0,0,0
semantic_trap,hard,3353,9,oracle_cause,0,0,9,-5.44,559.5354,,0.0,0,,,,9,0,0,0
semantic_trap,hard,3353,0,particle,0,0,35,-2.1987,145.7917,0.00183,1.0,35,1.0,,0.0,35,0,0,0
semantic_trap,hard,3353,1,particle,0,0,35,-2.2116,137.1139,0.002359,1.0,35,1.0,,0.0,35,0,0,0
semantic_trap,hard,3353,2,particle,0,0,35,-2.2358,179.0375,0.000829,1.0,35,1.0,,0.0,35,0,0,0
semantic_trap,hard,3353,3,particle,0,0,35,-2.12,208.0538,0.002847,1.0,35,1.0,,0.0,35,0,0,0
semantic_trap,hard,3353,4,particle,0,0,35,-2.1658,170.3719,0.001539,1.0,35,1.0,,0.0,35,0,0,0
semantic_trap,hard,3353,5,particle,1,1,20,10.8,539.2418,0.001888,1.0,20,0.85,,0.05,20,0,0,0
semantic_trap,hard,3353,6,particle,0,0,8,-5.43,554.3015,0.000922,1.0,8,1.0,,0.0,8,0,0,0
semantic_trap,hard,3353,7,particle,0,0,35,-2.08,192.4278,0.002699,1.0,35,1.0,,0.0,35,0,0,0
semantic_trap,hard,3353,8,particle,0,0,9,-5.44,568.4325,0.000804,1.0,9,1.0,,0.0,9,0,0,0
semantic_trap,hard,3353,9,particle,0,0,9,-5.44,570.7048,0.001158,1.0,9,1.0,,0.0,9,0,0,0
semantic_trap,hard,4353,0,no_teacher,0,0,35,-2.2026,153.6887,,0.0,0,,,,35,0,0,0
semantic_trap,hard,4353,1,no_teacher,0,0,35,-2.2501,156.5916,,0.0,0,,,,35,0,0,0
semantic_trap,hard,4353,2,no_teacher,0,0,35,-2.1826,159.2965,,0.0,0,,,,35,0,0,0
semantic_trap,hard,4353,3,no_teacher,0,0,35,-2.175,178.5199,,0.0,0,,,,35,0,0,0
semantic_trap,hard,4353,4,no_teacher,0,0,35,-2.1901,143.5219,,0.0,0,,,,35,0,0,0
semantic_trap,hard,4353,5,no_teacher,0,0,35,-2.175,172.2993,,0.0,0,,,,35,0,0,0
semantic_trap,hard,4353,6,no_teacher,0,0,35,-2.155,170.1066,,0.0,0,,,,35,0,0,0
semantic_trap,hard,4353,7,no_teacher,0,0,35,-2.2851,139.499,,0.0,0,,,,35,0,0,0
semantic_trap,hard,4353,8,no_teacher,0,0,35,-2.155,174.8941,,0.0,0,,,,35,0,0,0
semantic_trap,hard,4353,9,no_teacher,0,0,35,-2.2101,155.5087,,0.0,0,,,,35,0,0,0
semantic_trap,hard,4353,0,always_help,0,0,35,-2.175,59.5514,,0.0,0,,,,0,35,0,0
semantic_trap,hard,4353,1,always_help,0,0,35,-2.155,58.7793,,0.0,0,,,,0,35,0,0
semantic_trap,hard,4353,2,always_help,0,0,35,-2.2101,57.3546,,0.0,0,,,,0,35,0,0
semantic_trap,hard,4353,3,always_help,0,0,35,-2.3051,61.8515,,0.0,0,,,,0,35,0,0
semantic_trap,hard,4353,4,always_help,0,0,35,-2.1826,58.5047,,0.0,0,,,,0,35,0,0
semantic_trap,hard,4353,5,always_help,0,0,35,-2.1826,58.3487,,0.0,0,,,,0,35,0,0
semantic_trap,hard,4353,6,always_help,0,0,35,-2.155,59.7433,,0.0,0,,,,0,35,0,0
semantic_trap,hard,4353,7,always_help,0,0,35,-2.2226,59.1745,,0.0,0,,,,0,35,0,0
semantic_trap,hard,4353,8,always_help,0,0,35,-2.175,59.5426,,0.0,0,,,,0,35,0,0
semantic_trap,hard,4353,9,always_help,0,0,35,-2.175,57.9394,,0.0,0,,,,0,35,0,0
semantic_trap,hard,4353,0,oracle,0,0,35,-2.2401,32.1335,,0.0,0,,,,0,35,0,0
semantic_trap,hard,4353,1,oracle,0,0,35,-2.175,32.3841,,0.0,0,,,,0,35,0,0
semantic_trap,hard,4353,2,oracle,0,0,35,-2.2501,32.577,,0.0,0,,,,0,35,0,0
semantic_trap,hard,4353,3,oracle,0,0,35,-2.2301,32.1335,,0.0,0,,,,0,35,0,0
semantic_trap,hard,4353,4,oracle,0,0,35,-2.175,33.2743,,0.0,0,,,,0,35,0,0
semantic_trap,hard,4353,5,oracle,0,0,35,-2.175,32.3018,,0.0,0,,,,0,35,0,0
semantic_trap,hard,4353,6,oracle,0,0,35,-2.135,30.9812,,0.0,0,,,,0,35,0,0
semantic_trap,hard,4353,7,oracle,0,0,35,-2.2501,33.9734,,0.0,0,,,,0,35,0,0
semantic_trap,hard,4353,8,oracle,0,0,35,-2.155,31.8101,,0.0,0,,,,0,35,0,0
semantic_trap,hard,4353,9,oracle,0,0,35,-2.195,34.1598,,0.0,0,,,,0,35,0,0
semantic_trap,hard,4353,0,oracle_cause,0,0,35,-2.1901,143.9508,,0.0,0,,,,35,0,0,0
semantic_trap,hard,4353,1,oracle_cause,0,0,35,-2.175,176.69,,0.0,0,,,,35,0,0,0
semantic_trap,hard,4353,2,oracle_cause,0,0,35,-2.155,166.555,,0.0,0,,,,35,0,0,0
semantic_trap,hard,4353,3,oracle_cause,0,0,35,-2.1626,149.8151,,0.0,0,,,,35,0,0,0
semantic_trap,hard,4353,4,oracle_cause,0,0,35,-2.175,177.0354,,0.0,0,,,,35,0,0,0
semantic_trap,hard,4353,5,oracle_cause,0,0,35,-2.155,169.4415,,0.0,0,,,,35,0,0,0
semantic_trap,hard,4353,6,oracle_cause,0,0,35,-2.2301,146.6765,,0.0,0,,,,35,0,0,0
semantic_trap,hard,4353,7,oracle_cause,0,0,35,-2.175,176.69,,0.0,0,,,,35,0,0,0
semantic_trap,hard,4353,8,oracle_cause,0,0,35,-2.1826,158.6204,,0.0,0,,,,35,0,0,0
semantic_trap,hard,4353,9,oracle_cause,0,0,35,-2.2851,133.263,,0.0,0,,,,35,0,0,0
semantic_trap,hard,4353,0,particle,0,0,35,-2.2101,152.9849,0.00138,1.0,35,1.0,,0.0,35,0,0,0
semantic_trap,hard,4353,1,particle,0,0,35,-2.175,173.1502,0.001822,1.0,35,1.0,,0.0,35,0,0,0
semantic_trap,hard,4353,2,particle,0,0,35,-2.185,172.9483,0.002367,1.0,35,1.0,,0.0,35,0,0,0
semantic_trap,hard,4353,3,particle,0,0,35,-2.1901,143.9508,0.001844,1.0,35,1.0,,0.0,35,0,0,0
semantic_trap,hard,4353,4,particle,0,0,35,-2.2101,155.9334,0.000959,1.0,35,1.0,,0.0,35,0,0,0
semantic_trap,hard,4353,5,particle,0,0,35,-2.175,171.8615,0.001219,1.0,35,1.0,,0.0,35,0,0,0
semantic_trap,hard,4353,6,particle,0,0,35,-2.175,184.8183,0.001434,1.0,35,1.0,,0.0,35,0,0,0
semantic_trap,hard,4353,7,particle,0,0,35,-2.155,174.5115,0.001278,1.0,35,1.0,,0.0,35,0,0,0
semantic_trap,hard,4353,8,particle,0,0,35,-2.155,170.1066,0.00191,1.0,35,1.0,,0.0,35,0,0,0
semantic_trap,hard,4353,9,particle,0,0,35,-2.1901,143.9508,0.001277,1.0,35,1.0,,0.0,35,0,0,0
semantic_trap,hard,5353,0,no_teacher,0,0,10,-5.45,583.652,,0.0,0,,,,10,0,0,0
semantic_trap,hard,5353,1,no_teacher,0,0,35,-2.2395,155.2933,,0.0,0,,,,35,0,0,0
semantic_trap,hard,5353,2,no_teacher,0,0,11,-5.45,538.027,,0.0,0,,,,11,0,0,0
semantic_trap,hard,5353,3,no_teacher,0,0,8,-5.43,563.3984,,0.0,0,,,,8,0,0,0
semantic_trap,hard,5353,4,no_teacher,0,0,35,-2.2326,138.8501,,0.0,0,,,,35,0,0,0
semantic_trap,hard,5353,5,no_teacher,0,0,35,-2.14,217.9026,,0.0,0,,,,35,0,0,0
semantic_trap,hard,5353,6,no_teacher,0,0,35,-2.1995,145.5428,,0.0,0,,,,35,0,0,0
semantic_trap,hard,5353,7,no_teacher,0,0,10,-5.45,578.0559,,0.0,0,,,,10,0,0,0
semantic_trap,hard,5353,8,no_teacher,0,0,10,-5.45,578.0559,,0.0,0,,,,10,0,0,0
semantic_trap,hard,5353,9,no_teacher,0,0,35,-2.2126,137.2321,,0.0,0,,,,35,0,0,0
semantic_trap,hard,5353,0,always_help,0,0,35,-2.2526,57.8907,,0.0,0,,,,0,35,0,0
semantic_trap,hard,5353,1,always_help,0,0,35,-2.2858,56.2597,,0.0,0,,,,0,35,0,0
semantic_trap,hard,5353,2,always_help,0,0,11,-5.44,132.7344,,0.0,0,,,,0,11,0,0
semantic_trap,hard,5353,3,always_help,1,1,19,10.82,127.1654,,0.0,0,,,,0,19,0,0
semantic_trap,hard,5353,4,always_help,0,0,35,-2.2526,57.6334,,0.0,0,,,,0,35,0,0
semantic_trap,hard,5353,5,always_help,0,0,10,-5.44,135.4095,,0.0,0,,,,0,10,0,0
semantic_trap,hard,5353,6,always_help,0,0,35,-2.2526,56.4064,,0.0,0,,,,0,35,0,0
semantic_trap,hard,5353,7,always_help,0,0,35,-2.1863,59.1609,,0.0,0,,,,0,35,0,0
semantic_trap,hard,5353,8,always_help,0,0,11,-5.43,130.8566,,0.0,0,,,,0,11,0,0
semantic_trap,hard,5353,9,always_help,0,0,35,-2.1795,56.3196,,0.0,0,,,,0,35,0,0
semantic_trap,hard,5353,0,oracle,1,1,18,10.82,95.9458,,0.0,0,,,,0,18,0,0
semantic_trap,hard,5353,1,oracle,0,0,35,-2.2063,35.0263,,0.0,0,,,,0,35,0,0
semantic_trap,hard,5353,2,oracle,0,0,35,-2.1863,33.0367,,0.0,0,,,,0,35,0,0
semantic_trap,hard,5353,3,oracle,0,0,35,-2.1995,29.7419,,0.0,0,,,,0,35,0,0
semantic_trap,hard,5353,4,oracle,0,0,35,-2.1895,29.3593,,0.0,0,,,,0,35,0,0
semantic_trap,hard,5353,5,oracle,0,0,35,-2.2595,33.5954,,0.0,0,,,,0,35,0,0
semantic_trap,hard,5353,6,oracle,0,0,35,-2.2326,30.3775,,0.0,0,,,,0,35,0,0
semantic_trap,hard,5353,7,oracle,1,1,20,10.82,87.9264,,0.0,0,,,,0,20,0,0
semantic_trap,hard,5353,8,oracle,0,0,35,-2.1663,31.8058,,0.0,0,,,,0,35,0,0
semantic_trap,hard,5353,9,oracle,0,0,35,-2.2989,29.5288,,0.0,0,,,,0,35,0,0
semantic_trap,hard,5353,0,oracle_cause,0,0,8,-5.43,556.2033,,0.0,0,,,,8,0,0,0
semantic_trap,hard,5353,1,oracle_cause,0,0,35,-2.1863,167.212,,0.0,0,,,,35,0,0,0
semantic_trap,hard,5353,2,oracle_cause,0,0,10,-5.45,578.0559,,0.0,0,,,,10,0,0,0
semantic_trap,hard,5353,3,oracle_cause,0,0,35,-2.2326,145.5388,,0.0,0,,,,35,0,0,0
semantic_trap,hard,5353,4,oracle_cause,0,0,12,-5.47,497.764,,0.0,0,,,,12,0,0,0
semantic_trap,hard,5353,5,oracle_cause,0,0,35,-2.1863,171.9099,,0.0,0,,,,35,0,0,0
semantic_trap,hard,5353,6,oracle_cause,0,0,35,-2.2326,140.0822,,0.0,0,,,,35,0,0,0
semantic_trap,hard,5353,7,oracle_cause,0,0,35,-2.2195,168.2827,,0.0,0,,,,35,0,0,0
semantic_trap,hard,5353,8,oracle_cause,0,0,35,-2.1863,171.9099,,0.0,0,,,,35,0,0,0
semantic_trap,hard,5353,9,oracle_cause,0,0,35,-2.2395,163.9514,,0.0,0,,,,35,0,0,0
semantic_trap,hard,5353,0,particle,0,0,35,-2.1,194.7393,0.003956,1.0,35,1.0,,0.0,35,0,0,0
semantic_trap,hard,5353,1,particle,0,0,35,-2.1995,159.1321,0.001833,1.0,35,1.0,,0.0,35,0,0,0
semantic_trap,hard,5353,2,particle,0,0,35,-2.3821,121.7948,0.001825,1.0,35,1.0,,0.0,35,0,0,0
semantic_trap,hard,5353,3,particle,0,0,35,-2.1863,171.9099,0.001276,1.0,35,1.0,,0.0,35,0,0,0
semantic_trap,hard,5353,4,particle,0,0,35,-2.2195,164.7504,0.000882,1.0,35,1.0,,0.0,35,0,0,0
semantic_trap,hard,5353,5,particle,0,0,35,-2.1995,145.5428,0.001548,1.0,35,1.0,,0.0,35,0,0,0
semantic_trap,hard,5353,6,particle,0,0,35,-2.1463,160.3758,0.000884,1.0,35,1.0,,0.0,35,0,0,0
semantic_trap,hard,5353,7,particle,0,0,35,-2.2326,145.5388,0.001216,1.0,35,1.0,,0.0,35,0,0,0
semantic_trap,hard,5353,8,particle,0,0,35,-2.1663,158.4311,0.00206,1.0,35,1.0,,0.0,35,0,0,0
semantic_trap,hard,5353,9,particle,0,0,35,-2.1663,164.8575,0.002298,1.0,35,1.0,,0.0,35,0,0,0
semantic_trap,hard,6353,0,no_teacher,0,0,35,-2.1797,147.2878,,0.0,0,,,,35,0,0,0
semantic_trap,hard,6353,1,no_teacher,0,0,9,-5.44,574.6504,,0.0,0,,,,9,0,0,0
semantic_trap,hard,6353,2,no_teacher,0,0,35,-2.1548,151.9058,,0.0,0,,,,35,0,0,0
semantic_trap,hard,6353,3,no_teacher,1,1,18,10.82,591.0089,,0.0,0,,,,18,0,0,0
semantic_trap,hard,6353,4,no_teacher,0,0,35,-2.1898,176.2326,,0.0,0,,,,35,0,0,0
semantic_trap,hard,6353,5,no_teacher,0,0,9,-5.44,565.2951,,0.0,0,,,,9,0,0,0
semantic_trap,hard,6353,6,no_teacher,0,0,9,-5.44,562.0368,,0.0,0,,,,9,0,0,0
semantic_trap,hard,6353,7,no_teacher,0,0,35,-2.1997,149.0243,,0.0,0,,,,35,0,0,0
semantic_trap,hard,6353,8,no_teacher,0,0,35,-2.1948,164.718,,0.0,0,,,,35,0,0,0
semantic_trap,hard,6353,9,no_teacher,1,1,22,10.8,525.6471,,0.0,0,,,,22,0,0,0
semantic_trap,hard,6353,0,always_help,0,0,10,-5.45,152.8926,,0.0,0,,,,0,10,0,0
semantic_trap,hard,6353,1,always_help,0,0,9,-5.44,144.9174,,0.0,0,,,,0,9,0,0
semantic_trap,hard,6353,2,always_help,1,1,24,10.82,107.3928,,0.0,0,,,,0,24,0,0
semantic_trap,hard,6353,3,always_help,0,0,35,-2.1298,58.6107,,0.0,0,,,,0,35,0,0
semantic_trap,hard,6353,4,always_help,0,0,35,-2.1,60.3828,,0.0,0,,,,0,35,0,0
semantic_trap,hard,6353,5,always_help,0,0,9,-5.44,145.7839,,0.0,0,,,,0,9,0,0
semantic_trap,hard,6353,6,always_help,0,0,9,-5.44,151.1368,,0.0,0,,,,0,9,0,0
semantic_trap,hard,6353,7,always_help,0,0,8,-5.43,144.7738,,0.0,0,,,,0,8,0,0
semantic_trap,hard,6353,8,always_help,1,1,24,10.82,108.5252,,0.0,0,,,,0,24,0,0
semantic_trap,hard,6353,9,always_help,1,1,25,10.78,107.241,,0.0,0,,,,0,25,0,0
semantic_trap,hard,6353,0,oracle,0,0,9,-5.44,95.7759,,0.0,0,,,,0,9,0,0
semantic_trap,hard,6353,1,oracle,0,0,14,-5.49,86.8375,,0.0,0,,,,0,14,0,0
semantic_trap,hard,6353,2,oracle,0,0,35,-2.1498,30.6797,,0.0,0,,,,0,35,0,0
semantic_trap,hard,6353,3,oracle,0,0,9,-5.44,95.7759,,0.0,0,,,,0,9,0,0
semantic_trap,hard,6353,4,oracle,0,0,9,-5.44,94.6336,,0.0,0,,,,0,9,0,0
semantic_trap,hard,6353,5,oracle,0,0,9,-5.44,94.2167,,0.0,0,,,,0,9,0,0
semantic_trap,hard,6353,6,oracle,0,0,35,-2.1498,34.2629,,0.0,0,,,,0,35,0,0
semantic_trap,hard,6353,7,oracle,0,0,35,-2.1997,31.9319,,0.0,0,,,,0,35,0,0
semantic_trap,hard,6353,8,oracle,0,0,35,-2.1997,30.4644,,0.0,0,,,,0,35,0,0
semantic_trap,hard,6353,9,oracle,0,0,8,-5.43,93.3124,,0.0,0,,,,0,8,0,0
semantic_trap,hard,6353,0,oracle_cause,0,0,35,-2.1797,147.2878,,0.0,0,,,,35,0,0,0
semantic_trap,hard,6353,1,oracle_cause,0,0,35,-2.2348,175.023,,0.0,0,,,,35,0,0,0
semantic_trap,hard,6353,2,oracle_cause,0,0,35,-2.1498,172.324,,0.0,0,,,,35,0,0,0
semantic_trap,hard,6353,3,oracle_cause,1,1,20,10.8,566.2026,,0.0,0,,,,20,0,0,0
semantic_trap,hard,6353,4,oracle_cause,0,0,35,-2.1997,148.3982,,0.0,0,,,,35,0,0,0
semantic_trap,hard,6353,5,oracle_cause,0,0,35,-2.1548,152.5726,,0.0,0,,,,35,0,0,0
semantic_trap,hard,6353,6,oracle_cause,0,0,9,-5.44,554.5326,,0.0,0,,,,9,0,0,0
semantic_trap,hard,6353,7,oracle_cause,0,0,35,-2.1548,152.3521,,0.0,0,,,,35,0,0,0
semantic_trap,hard,6353,8,oracle_cause,1,1,19,10.82,552.4473,,0.0,0,,,,19,0,0,0
semantic_trap,hard,6353,9,oracle_cause,0,0,35,-2.1997,149.0243,,0.0,0,,,,35,0,0,0
semantic_trap,hard,6353,0,particle,1,1,21,10.8,527.1098,0.001724,1.0,21,0.8571,,0.0476,21,0,0,0
semantic_trap,hard,6353,1,particle,0,0,35,-2.1498,164.2105,0.001062,1.0,35,1.0,,0.0,35,0,0,0
semantic_trap,hard,6353,2,particle,0,0,9,-5.44,568.0256,0.00114,1.0,9,1.0,,0.0,9,0,0,0
semantic_trap,hard,6353,3,particle,0,0,35,-2.1997,149.0243,0.001152,1.0,35,1.0,,0.0,35,0,0,0
semantic_trap,hard,6353,4,particle,0,0,35,-2.2895,146.1981,0.001014,1.0,35,1.0,,0.0,35,0,0,0
semantic_trap,hard,6353,5,particle,0,0,35,-2.1748,153.9242,0.001712,1.0,35,1.0,,0.0,35,0,0,0
semantic_trap,hard,6353,6,particle,0,0,9,-5.44,559.5354,0.000978,1.0,9,1.0,,0.0,9,0,0,0
semantic_trap,hard,6353,7,particle,0,0,8,-5.43,553.3892,0.001218,1.0,8,1.0,,0.0,8,0,0,0
semantic_trap,hard,6353,8,particle,0,0,35,-2.2197,165.2522,0.002422,1.0,35,1.0,,0.0,35,0,0,0
semantic_trap,hard,6353,9,particle,0,0,9,-5.44,567.7965,0.000944,1.0,9,1.0,,0.0,9,0,0,0
semantic_trap,hard,7353,0,no_teacher,0,0,35,-2.121,170.7609,,0.0,0,,,,35,0,0,0
semantic_trap,hard,7353,1,no_teacher,0,0,35,-2.2015,165.8793,,0.0,0,,,,35,0,0,0
semantic_trap,hard,7353,2,no_teacher,0,0,35,-2.181,192.3923,,0.0,0,,,,35,0,0,0
semantic_trap,hard,7353,3,no_teacher,0,0,35,-2.1615,166.3314,,0.0,0,,,,35,0,0,0
semantic_trap,hard,7353,4,no_teacher,0,0,35,-2.141,175.5328,,0.0,0,,,,35,0,0,0
semantic_trap,hard,7353,5,no_teacher,0,0,35,-2.141,175.5328,,0.0,0,,,,35,0,0,0
semantic_trap,hard,7353,6,no_teacher,0,0,35,-2.1815,180.8448,,0.0,0,,,,35,0,0,0
semantic_trap,hard,7353,7,no_teacher,0,0,35,-2.1515,156.9304,,0.0,0,,,,35,0,0,0
semantic_trap,hard,7353,8,no_teacher,0,0,35,-2.121,165.7321,,0.0,0,,,,35,0,0,0
semantic_trap,hard,7353,9,no_teacher,0,0,35,-2.222,174.6056,,0.0,0,,,,35,0,0,0
semantic_trap,hard,7353,0,always_help,0,0,35,-2.1415,57.7002,,0.0,0,,,,0,35,0,0
semantic_trap,hard,7353,1,always_help,0,0,35,-2.1815,58.8676,,0.0,0,,,,0,35,0,0
semantic_trap,hard,7353,2,always_help,0,0,35,-2.1615,57.6205,,0.0,0,,,,0,35,0,0
semantic_trap,hard,7353,3,always_help,0,0,35,-2.2425,59.7317,,0.0,0,,,,0,35,0,0
semantic_trap,hard,7353,4,always_help,0,0,35,-2.1715,58.0854,,0.0,0,,,,0,35,0,0
semantic_trap,hard,7353,5,always_help,0,0,35,-2.1615,59.3157,,0.0,0,,,,0,35,0,0
semantic_trap,hard,7353,6,always_help,0,0,35,-2.1415,57.3048,,0.0,0,,,,0,35,0,0
semantic_trap,hard,7353,7,always_help,0,0,35,-2.161,62.2731,,0.0,0,,,,0,35,0,0
semantic_trap,hard,7353,8,always_help,0,0,35,-2.1815,58.8398,,0.0,0,,,,0,35,0,0
semantic_trap,hard,7353,9,always_help,0,0,35,-2.161,60.9141,,0.0,0,,,,0,35,0,0
semantic_trap,hard,7353,0,oracle,0,0,35,-2.182,32.1908,,0.0,0,,,,0,35,0,0
semantic_trap,hard,7353,1,oracle,0,0,35,-2.141,32.1819,,0.0,0,,,,0,35,0,0
semantic_trap,hard,7353,2,oracle,0,0,35,-2.1615,33.1127,,0.0,0,,,,0,35,0,0
semantic_trap,hard,7353,3,oracle,0,0,35,-2.121,31.1846,,0.0,0,,,,0,35,0,0
semantic_trap,hard,7353,4,oracle,0,0,35,-2.161,33.9705,,0.0,0,,,,0,35,0,0
semantic_trap,hard,7353,5,oracle,0,0,35,-2.1815,32.1153,,0.0,0,,,,0,35,0,0
semantic_trap,hard,7353,6,oracle,0,0,35,-2.121,31.1846,,0.0,0,,,,0,35,0,0
semantic_trap,hard,7353,7,oracle,0,0,35,-2.1615,31.6648,,0.0,0,,,,0,35,0,0
semantic_trap,hard,7353,8,oracle,0,0,35,-2.141,31.51,,0.0,0,,,,0,35,0,0
semantic_trap,hard,7353,9,oracle,0,0,35,-2.141,32.0561,,0.0,0,,,,0,35,0,0
semantic_trap,hard,7353,0,oracle_cause,0,0,35,-2.283,155.5063,,0.0,0,,,,35,0,0,0
semantic_trap,hard,7353,1,oracle_cause,0,0,35,-2.141,181.1814,,0.0,0,,,,35,0,0,0
semantic_trap,hard,7353,2,oracle_cause,0,0,35,-2.1615,166.1539,,0.0,0,,,,35,0,0,0
semantic_trap,hard,7353,3,oracle_cause,0,0,35,-2.121,166.1767,,0.0,0,,,,35,0,0,0
semantic_trap,hard,7353,4,oracle_cause,0,0,35,-2.192,162.599,,0.0,0,,,,35,0,0,0
semantic_trap,hard,7353,5,oracle_cause,0,0,35,-2.1615,166.3314,,0.0,0,,,,35,0,0,0
semantic_trap,hard,7353,6,oracle_cause,0,0,35,-2.2315,175.739,,0.0,0,,,,35,0,0,0
semantic_trap,hard,7353,7,oracle_cause,0,0,35,-2.1415,157.2638,,0.0,0,,,,35,0,0,0
semantic_trap,hard,7353,8,oracle_cause,0,0,35,-2.1615,166.1539,,0.0,0,,,,35,0,0,0
semantic_trap,hard,7353,9,oracle_cause,0,0,35,-2.162,152.8618,,0.0,0,,,,35,0,0,0
semantic_trap,hard,7353,0,particle,0,0,35,-2.202,163.751,0.001586,1.0,35,1.0,,0.0,35,0,0,0
semantic_trap,hard,7353,1,particle,0,0,35,-2.162,152.8618,0.001474,1.0,35,1.0,,0.0,35,0,0,0
semantic_trap,hard,7353,2,particle,0,0,35,-2.1815,168.3703,0.001229,1.0,35,1.0,,0.0,35,0,0,0
semantic_trap,hard,7353,3,particle,0,0,35,-2.1415,157.4913,0.000685,1.0,35,1.0,,0.0,35,0,0,0
semantic_trap,hard,7353,4,particle,0,0,35,-2.2015,173.961,0.001729,1.0,35,1.0,,0.0,35,0,0,0
semantic_trap,hard,7353,5,particle,0,0,35,-2.182,162.0478,0.002171,1.0,35,1.0,,0.0,35,0,0,0
semantic_trap,hard,7353,6,particle,0,0,35,-2.1815,171.0731,0.001662,1.0,35,1.0,,0.0,35,0,0,0
semantic_trap,hard,7353,7,particle,0,0,35,-2.222,184.4915,0.001856,1.0,35,1.0,,0.0,35,0,0,0
semantic_trap,hard,7353,8,particle,0,0,35,-2.182,155.1262,0.001202,1.0,35,1.0,,0.0,35,0,0,0
semantic_trap,hard,7353,9,particle,0,0,35,-2.161,193.6253,0.002826,1.0,35,1.0,,0.0,35,0,0,0
