seed,family,variant,survived,reached_goal,steps,risky_entered,safe_branch_chosen,warn_count,unlock_count,necessary_warn,unnecessary_warn,necessary_segments,unnecessary_segments,delta_H,M_true_before,M_true_after,delta_nll_local
0,fork_trap,legacy_bias,False,False,3,1,False,1,0,1,0,1,0,0.0,0.25,0.25,-0.638
1,fork_trap,legacy_bias,True,True,11,0,True,1,0,1,0,1,0,0.0,0.25,0.25,-0.638
2,fork_trap,legacy_bias,False,False,5,3,False,1,0,1,0,1,0,0.0,0.25,0.25,-0.638
3,fork_trap,legacy_bias,False,False,5,3,False,1,0,1,0,1,0,0.0,0.25,0.25,-0.638
4,fork_trap,legacy_bias,True,True,11,2,False,1,0,1,0,1,0,0.0,0.25,0.25,-0.638
5,fork_trap,legacy_bias,True,True,11,2,False,1,0,1,0,1,0,0.0,0.25,0.25,-0.638
6,fork_trap,legacy_bias,True,True,11,0,True,1,0,1,0,1,0,0.0,0.25,0.25,-0.638
7,fork_trap,legacy_bias,True,True,11,2,False,1,0,1,0,1,0,0.0,0.25,0.25,-0.638
8,fork_trap,legacy_bias,False,False,3,1,False,1,0,1,0,1,0,0.0,0.25,0.25,-0.638
9,fork_trap,legacy_bias,True,True,11,0,True,1,0,1,0,1,0,0.0,0.25,0.25,-0.638
10,fork_trap,legacy_bias,True,True,11,2,False,1,0,1,0,1,0,0.0,0.25,0.25,-0.638
11,fork_trap,legacy_bias,True,True,11,0,True,1,0,1,0,1,0,0.0,0.25,0.25,-0.638
12,fork_trap,legacy_bias,True,True,11,2,False,1,0,1,0,1,0,0.0,0.25,0.25,-0.638
13,fork_trap,legacy_bias,False,False,4,2,False,1,0,1,0,1,0,0.0,0.25,0.25,-0.638
14,fork_trap,legacy_bias,True,True,11,0,True,1,0,1,0,1,0,0.0,0.25,0.25,-0.638
15,fork_trap,legacy_bias,True,True,11,2,False,1,0,1,0,1,0,0.0,0.25,0.25,-0.638
16,fork_trap,legacy_bias,False,False,4,2,False,1,0,1,0,1,0,0.0,0.25,0.25,-0.638
17,fork_trap,legacy_bias,True,True,11,2,False,1,0,1,0,1,0,0.0,0.25,0.25,-0.638
18,fork_trap,legacy_bias,True,True,11,2,False,1,0,1,0,1,0,0.0,0.25,0.25,-0.638
19,fork_trap,legacy_bias,True,True,11,2,False,1,0,1,0,1,0,0.0,0.25,0.25,-0.638
20,fork_trap,legacy_bias,False,False,4,2,False,1,0,1,0,1,0,0.0,0.25,0.25,-0.638
21,fork_trap,legacy_bias,True,True,11,0,True,1,0,1,0,1,0,0.0,0.25,0.25,-0.638
22,fork_trap,legacy_bias,False,False,5,3,False,1,0,1,0,1,0,0.0,0.25,0.25,-0.638
23,fork_trap,legacy_bias,True,True,11,0,True,1,0,1,0,1,0,0.0,0.25,0.25,-0.638
24,fork_trap,legacy_bias,True,True,11,0,True,1,0,1,0,1,0,0.0,0.25,0.25,-0.638
25,fork_trap,legacy_bias,False,False,8,2,False,1,0,1,0,1,0,0.0,0.25,0.25,-0.638
26,fork_trap,legacy_bias,False,False,8,2,False,1,0,1,0,1,0,0.0,0.25,0.25,-0.638
27,fork_trap,legacy_bias,True,True,11,0,True,1,0,1,0,1,0,0.0,0.25,0.25,-0.638
28,fork_trap,legacy_bias,False,False,5,3,False,1,0,1,0,1,0,0.0,0.25,0.25,-0.638
29,fork_trap,legacy_bias,False,False,8,2,False,1,0,1,0,1,0,0.0,0.25,0.25,-0.638
30,fork_trap,legacy_bias,True,True,11,0,True,1,0,1,0,1,0,0.0,0.25,0.25,-0.638
31,fork_trap,legacy_bias,False,False,5,3,False,1,0,1,0,1,0,0.0,0.25,0.25,-0.638
32,fork_trap,legacy_bias,False,False,5,3,False,1,0,1,0,1,0,0.0,0.25,0.25,-0.638
33,fork_trap,legacy_bias,False,False,5,3,False,1,0,1,0,1,0,0.0,0.25,0.25,-0.638
34,fork_trap,legacy_bias,True,True,11,0,True,1,0,1,0,1,0,0.0,0.25,0.25,-0.638
35,fork_trap,legacy_bias,True,True,11,0,True,1,0,1,0,1,0,0.0,0.25,0.25,-0.638
36,fork_trap,legacy_bias,True,True,11,0,True,1,0,1,0,1,0,0.0,0.25,0.25,-0.638
37,fork_trap,legacy_bias,True,True,11,0,True,1,0,1,0,1,0,0.0,0.25,0.25,-0.638
38,fork_trap,legacy_bias,True,True,11,0,True,1,0,1,0,1,0,0.0,0.25,0.25,-0.638
39,fork_trap,legacy_bias,False,False,8,2,False,1,0,1,0,1,0,0.0,0.25,0.25,-0.638
40,fork_trap,legacy_bias,True,True,11,2,False,1,0,1,0,1,0,0.0,0.25,0.25,-0.638
41,fork_trap,legacy_bias,False,False,3,1,False,1,0,1,0,1,0,0.0,0.25,0.25,-0.638
42,fork_trap,legacy_bias,True,True,11,0,True,1,0,1,0,1,0,0.0,0.25,0.25,-0.638
43,fork_trap,legacy_bias,True,True,11,2,False,1,0,1,0,1,0,0.0,0.25,0.25,-0.638
44,fork_trap,legacy_bias,False,False,5,3,False,1,0,1,0,1,0,0.0,0.25,0.25,-0.638
45,fork_trap,legacy_bias,False,False,5,3,False,1,0,1,0,1,0,0.0,0.25,0.25,-0.638
46,fork_trap,legacy_bias,True,True,11,2,False,1,0,1,0,1,0,0.0,0.25,0.25,-0.638
47,fork_trap,legacy_bias,True,True,11,0,True,1,0,1,0,1,0,0.0,0.25,0.25,-0.638
48,fork_trap,legacy_bias,True,True,11,0,True,1,0,1,0,1,0,0.0,0.25,0.25,-0.638
49,fork_trap,legacy_bias,True,True,11,0,True,1,0,1,0,1,0,0.0,0.25,0.25,-0.638
0,fork_trap,rsa_obs_s1,False,False,3,1,False,1,0,1,0,1,0,0.6874,0.25,0.7695345137374588,-0.5547
1,fork_trap,rsa_obs_s1,True,True,11,0,True,1,0,1,0,1,0,0.6874,0.25,0.7695345137374588,-0.5547
2,fork_trap,rsa_obs_s1,True,True,9,4,False,1,0,1,0,1,0,0.6874,0.25,0.7695345137374588,-0.5547
3,fork_trap,rsa_obs_s1,False,False,5,3,False,1,0,1,0,1,0,0.6874,0.25,0.7695345137374588,-0.5547
4,fork_trap,rsa_obs_s1,False,False,5,3,False,1,0,1,0,1,0,0.6874,0.25,0.7695345137374588,-0.5547
5,fork_trap,rsa_obs_s1,False,False,5,3,False,1,0,1,0,1,0,0.6874,0.25,0.7695345137374588,-0.5547
6,fork_trap,rsa_obs_s1,True,True,11,0,True,1,0,1,0,1,0,0.6874,0.25,0.7695345137374588,-0.5547
7,fork_trap,rsa_obs_s1,False,False,5,3,False,1,0,1,0,1,0,0.6874,0.25,0.7695345137374588,-0.5547
8,fork_trap,rsa_obs_s1,False,False,3,1,False,1,0,1,0,1,0,0.6874,0.25,0.7695345137374588,-0.5547
9,fork_trap,rsa_obs_s1,True,True,11,0,True,1,0,1,0,1,0,0.6874,0.25,0.7695345137374588,-0.5547
10,fork_trap,rsa_obs_s1,True,True,9,4,False,1,0,1,0,1,0,0.6874,0.25,0.7695345137374588,-0.5547
11,fork_trap,rsa_obs_s1,True,True,11,0,True,1,0,1,0,1,0,0.6874,0.25,0.7695345137374588,-0.5547
12,fork_trap,rsa_obs_s1,False,False,4,2,False,1,0,1,0,1,0,0.6874,0.25,0.7695345137374588,-0.5547
13,fork_trap,rsa_obs_s1,False,False,4,2,False,1,0,1,0,1,0,0.6874,0.25,0.7695345137374588,-0.5547
14,fork_trap,rsa_obs_s1,True,True,11,0,True,1,0,1,0,1,0,0.6874,0.25,0.7695345137374588,-0.5547
15,fork_trap,rsa_obs_s1,False,False,5,3,False,1,0,1,0,1,0,0.6874,0.25,0.7695345137374588,-0.5547
16,fork_trap,rsa_obs_s1,False,False,3,1,False,1,0,1,0,1,0,0.6874,0.25,0.7695345137374588,-0.5547
17,fork_trap,rsa_obs_s1,True,True,9,4,False,1,0,1,0,1,0,0.6874,0.25,0.7695345137374588,-0.5547
18,fork_trap,rsa_obs_s1,False,False,5,3,False,1,0,1,0,1,0,0.6874,0.25,0.7695345137374588,-0.5547
19,fork_trap,rsa_obs_s1,True,True,9,4,False,1,0,1,0,1,0,0.6874,0.25,0.7695345137374588,-0.5547
20,fork_trap,rsa_obs_s1,False,False,4,2,False,1,0,1,0,1,0,0.6874,0.25,0.7695345137374588,-0.5547
21,fork_trap,rsa_obs_s1,True,True,11,0,True,1,0,1,0,1,0,0.6874,0.25,0.7695345137374588,-0.5547
22,fork_trap,rsa_obs_s1,False,False,5,3,False,1,0,1,0,1,0,0.6874,0.25,0.7695345137374588,-0.5547
23,fork_trap,rsa_obs_s1,True,True,11,0,True,1,0,1,0,1,0,0.6874,0.25,0.7695345137374588,-0.5547
24,fork_trap,rsa_obs_s1,True,True,11,0,True,1,0,1,0,1,0,0.6874,0.25,0.7695345137374588,-0.5547
25,fork_trap,rsa_obs_s1,False,False,5,3,False,1,0,1,0,1,0,0.6874,0.25,0.7695345137374588,-0.5547
26,fork_trap,rsa_obs_s1,False,False,5,3,False,1,0,1,0,1,0,0.6874,0.25,0.7695345137374588,-0.5547
27,fork_trap,rsa_obs_s1,True,True,11,0,True,1,0,1,0,1,0,0.6874,0.25,0.7695345137374588,-0.5547
28,fork_trap,rsa_obs_s1,False,False,5,3,False,1,0,1,0,1,0,0.6874,0.25,0.7695345137374588,-0.5547
29,fork_trap,rsa_obs_s1,False,False,5,3,False,1,0,1,0,1,0,0.6874,0.25,0.7695345137374588,-0.5547
30,fork_trap,rsa_obs_s1,True,True,11,0,True,1,0,1,0,1,0,0.6874,0.25,0.7695345137374588,-0.5547
31,fork_trap,rsa_obs_s1,False,False,6,4,False,1,0,1,0,1,0,0.6874,0.25,0.7695345137374588,-0.5547
32,fork_trap,rsa_obs_s1,False,False,5,3,False,1,0,1,0,1,0,0.6874,0.25,0.7695345137374588,-0.5547
33,fork_trap,rsa_obs_s1,True,True,9,4,False,1,0,1,0,1,0,0.6874,0.25,0.7695345137374588,-0.5547
34,fork_trap,rsa_obs_s1,True,True,11,0,True,1,0,1,0,1,0,0.6874,0.25,0.7695345137374588,-0.5547
35,fork_trap,rsa_obs_s1,True,True,11,0,True,1,0,1,0,1,0,0.6874,0.25,0.7695345137374588,-0.5547
36,fork_trap,rsa_obs_s1,True,True,11,0,True,1,0,1,0,1,0,0.6874,0.25,0.7695345137374588,-0.5547
37,fork_trap,rsa_obs_s1,True,True,11,0,True,1,0,1,0,1,0,0.6874,0.25,0.7695345137374588,-0.5547
38,fork_trap,rsa_obs_s1,True,True,11,0,True,1,0,1,0,1,0,0.6874,0.25,0.7695345137374588,-0.5547
39,fork_trap,rsa_obs_s1,False,False,5,3,False,1,0,1,0,1,0,0.6874,0.25,0.7695345137374588,-0.5547
40,fork_trap,rsa_obs_s1,False,False,5,3,False,1,0,1,0,1,0,0.6874,0.25,0.7695345137374588,-0.5547
41,fork_trap,rsa_obs_s1,False,False,3,1,False,1,0,1,0,1,0,0.6874,0.25,0.7695345137374588,-0.5547
42,fork_trap,rsa_obs_s1,True,True,11,0,True,1,0,1,0,1,0,0.6874,0.25,0.7695345137374588,-0.5547
43,fork_trap,rsa_obs_s1,False,False,4,2,False,1,0,1,0,1,0,0.6874,0.25,0.7695345137374588,-0.5547
44,fork_trap,rsa_obs_s1,False,False,5,3,False,1,0,1,0,1,0,0.6874,0.25,0.7695345137374588,-0.5547
45,fork_trap,rsa_obs_s1,False,False,5,3,False,1,0,1,0,1,0,0.6874,0.25,0.7695345137374588,-0.5547
46,fork_trap,rsa_obs_s1,True,True,9,4,False,1,0,1,0,1,0,0.6874,0.25,0.7695345137374588,-0.5547
47,fork_trap,rsa_obs_s1,True,True,11,0,True,1,0,1,0,1,0,0.6874,0.25,0.7695345137374588,-0.5547
48,fork_trap,rsa_obs_s1,True,True,11,0,True,1,0,1,0,1,0,0.6874,0.25,0.7695345137374588,-0.5547
49,fork_trap,rsa_obs_s1,True,True,11,0,True,1,0,1,0,1,0,0.6874,0.25,0.7695345137374588,-0.5547
0,elcb_po,legacy_bias,True,True,15,0,True,1,0,1,0,1,0,0.0,0.25,0.25,-0.6419
1,elcb_po,legacy_bias,True,True,15,0,True,1,0,1,0,1,0,0.0,0.25,0.25,-0.6419
2,elcb_po,legacy_bias,True,True,15,0,True,1,0,1,0,1,0,0.0,0.25,0.25,-0.6419
3,elcb_po,legacy_bias,True,True,15,0,True,1,0,1,0,1,0,0.0,0.25,0.25,-0.6419
4,elcb_po,legacy_bias,True,True,15,0,True,1,0,1,0,1,0,0.0,0.25,0.25,-0.6419
5,elcb_po,legacy_bias,True,True,15,0,True,1,0,1,0,1,0,0.0,0.25,0.25,-0.6419
6,elcb_po,legacy_bias,True,True,15,0,True,1,0,1,0,1,0,0.0,0.25,0.25,-0.6419
7,elcb_po,legacy_bias,True,True,15,0,True,1,0,1,0,1,0,0.0,0.25,0.25,-0.6419
8,elcb_po,legacy_bias,True,True,15,0,True,1,0,1,0,1,0,0.0,0.25,0.25,-0.6419
9,elcb_po,legacy_bias,True,True,15,0,True,1,0,1,0,1,0,0.0,0.25,0.25,-0.6419
10,elcb_po,legacy_bias,True,True,15,0,True,1,0,1,0,1,0,0.0,0.25,0.25,-0.6419
11,elcb_po,legacy_bias,True,True,15,0,True,1,0,1,0,1,0,0.0,0.25,0.25,-0.6419
12,elcb_po,legacy_bias,True,True,15,0,True,1,0,1,0,1,0,0.0,0.25,0.25,-0.6419
13,elcb_po,legacy_bias,True,True,15,0,True,1,0,1,0,1,0,0.0,0.25,0.25,-0.6419
14,elcb_po,legacy_bias,True,True,15,0,True,1,0,1,0,1,0,0.0,0.25,0.25,-0.6419
15,elcb_po,legacy_bias,True,True,15,0,True,1,0,1,0,1,0,0.0,0.25,0.25,-0.6419
16,elcb_po,legacy_bias,True,True,15,0,True,1,0,1,0,1,0,0.0,0.25,0.25,-0.6419
17,elcb_po,legacy_bias,True,True,15,0,True,1,0,1,0,1,0,0.0,0.25,0.25,-0.6419
18,elcb_po,legacy_bias,True,True,15,0,True,1,0,1,0,1,0,0.0,0.25,0.25,-0.6419
19,elcb_po,legacy_bias,True,True,15,0,True,1,0,1,0,1,0,0.0,0.25,0.25,-0.6419
20,elcb_po,legacy_bias,True,True,15,0,True,1,0,1,0,1,0,0.0,0.25,0.25,-0.6419
21,elcb_po,legacy_bias,True,True,15,0,True,1,0,1,0,1,0,0.0,0.25,0.25,-0.6419
22,elcb_po,legacy_bias,True,True,15,0,True,1,0,1,0,1,0,0.0,0.25,0.25,-0.6419
23,elcb_po,legacy_bias,True,True,15,0,True,1,0,1,0,1,0,0.0,0.25,0.25,-0.6419
24,elcb_po,legacy_bias,True,True,15,0,True,1,0,1,0,1,0,0.0,0.25,0.25,-0.6419
25,elcb_po,legacy_bias,True,True,15,0,True,1,0,1,0,1,0,0.0,0.25,0.25,-0.6419
26,elcb_po,legacy_bias,True,True,15,0,True,1,0,1,0,1,0,0.0,0.25,0.25,-0.6419
27,elcb_po,legacy_bias,True,True,15,0,True,1,0,1,0,1,0,0.0,0.25,0.25,-0.6419
28,elcb_po,legacy_bias,True,True,15,0,True,1,0,1,0,1,0,0.0,0.25,0.25,-0.6419
29,elcb_po,legacy_bias,True,True,15,0,True,1,0,1,0,1,0,0.0,0.25,0.25,-0.6419
30,elcb_po,legacy_bias,True,True,15,0,True,1,0,1,0,1,0,0.0,0.25,0.25,-0.6419
31,elcb_po,legacy_bias,True,True,15,0,True,1,0,1,0,1,0,0.0,0.25,0.25,-0.6419
32,elcb_po,legacy_bias,True,True,15,0,True,1,0,1,0,1,0,0.0,0.25,0.25,-0.6419
33,elcb_po,legacy_bias,True,True,15,0,True,1,0,1,0,1,0,0.0,0.25,0.25,-0.6419
34,elcb_po,legacy_bias,True,True,15,0,True,1,0,1,0,1,0,0.0,0.25,0.25,-0.6419
35,elcb_po,legacy_bias,True,True,15,0,True,1,0,1,0,1,0,0.0,0.25,0.25,-0.6419
36,elcb_po,legacy_bias,True,True,15,0,True,1,0,1,0,1,0,0.0,0.25,0.25,-0.6419
37,elcb_po,legacy_bias,True,True,15,0,True,1,0,1,0,1,0,0.0,0.25,0.25,-0.6419
38,elcb_po,legacy_bias,True,True,15,0,True,1,0,1,0,1,0,0.0,0.25,0.25,-0.6419
39,elcb_po,legacy_bias,True,True,15,0,True,1,0,1,0,1,0,0.0,0.25,0.25,-0.6419
40,elcb_po,legacy_bias,True,True,15,0,True,1,0,1,0,1,0,0.0,0.25,0.25,-0.6419
41,elcb_po,legacy_bias,True,True,15,0,True,1,0,1,0,1,0,0.0,0.25,0.25,-0.6419
42,elcb_po,legacy_bias,True,True,15,0,True,1,0,1,0,1,0,0.0,0.25,0.25,-0.6419
43,elcb_po,legacy_bias,True,True,15,0,True,1,0,1,0,1,0,0.0,0.25,0.25,-0.6419
44,elcb_po,legacy_bias,True,True,15,0,True,1,0,1,0,1,0,0.0,0.25,0.25,-0.6419
45,elcb_po,legacy_bias,True,True,15,0,True,1,0,1,0,1,0,0.0,0.25,0.25,-0.6419
46,elcb_po,legacy_bias,True,True,15,0,True,1,0,1,0,1,0,0.0,0.25,0.25,-0.6419
47,elcb_po,legacy_bias,True,True,15,0,True,1,0,1,0,1,0,0.0,0.25,0.25,-0.6419
48,elcb_po,legacy_bias,True,True,15,0,True,1,0,1,0,1,0,0.0,0.25,0.25,-0.6419
49,elcb_po,legacy_bias,True,True,15,0,True,1,0,1,0,1,0,0.0,0.25,0.25,-0.6419
0,elcb_po,rsa_obs_s1,True,True,15,0,True,1,0,1,0,1,0,0.6874,0.25,0.7695345137374588,-0.5547
1,elcb_po,rsa_obs_s1,True,True,15,0,True,1,0,1,0,1,0,0.6874,0.25,0.7695345137374588,-0.5547
2,elcb_po,rsa_obs_s1,True,True,15,0,True,1,0,1,0,1,0,0.6874,0.25,0.7695345137374588,-0.5547
3,elcb_po,rsa_obs_s1,True,True,15,0,True,1,0,1,0,1,0,0.6874,0.25,0.7695345137374588,-0.5547
4,elcb_po,rsa_obs_s1,True,True,15,0,True,1,0,1,0,1,0,0.6874,0.25,0.7695345137374588,-0.5547
5,elcb_po,rsa_obs_s1,True,True,15,0,True,1,0,1,0,1,0,0.6874,0.25,0.7695345137374588,-0.5547
6,elcb_po,rsa_obs_s1,True,True,15,0,True,1,0,1,0,1,0,0.6874,0.25,0.7695345137374588,-0.5547
7,elcb_po,rsa_obs_s1,True,True,15,0,True,1,0,1,0,1,0,0.6874,0.25,0.7695345137374588,-0.5547
8,elcb_po,rsa_obs_s1,True,True,15,0,True,1,0,1,0,1,0,0.6874,0.25,0.7695345137374588,-0.5547
9,elcb_po,rsa_obs_s1,True,True,15,0,True,1,0,1,0,1,0,0.6874,0.25,0.7695345137374588,-0.5547
10,elcb_po,rsa_obs_s1,True,True,15,0,True,1,0,1,0,1,0,0.6874,0.25,0.7695345137374588,-0.5547
11,elcb_po,rsa_obs_s1,True,True,15,0,True,1,0,1,0,1,0,0.6874,0.25,0.7695345137374588,-0.5547
12,elcb_po,rsa_obs_s1,True,True,15,0,True,1,0,1,0,1,0,0.6874,0.25,0.7695345137374588,-0.5547
13,elcb_po,rsa_obs_s1,True,True,15,0,True,1,0,1,0,1,0,0.6874,0.25,0.7695345137374588,-0.5547
14,elcb_po,rsa_obs_s1,True,True,15,0,True,1,0,1,0,1,0,0.6874,0.25,0.7695345137374588,-0.5547
15,elcb_po,rsa_obs_s1,True,True,15,0,True,1,0,1,0,1,0,0.6874,0.25,0.7695345137374588,-0.5547
16,elcb_po,rsa_obs_s1,True,True,15,0,True,1,0,1,0,1,0,0.6874,0.25,0.7695345137374588,-0.5547
17,elcb_po,rsa_obs_s1,True,True,15,0,True,1,0,1,0,1,0,0.6874,0.25,0.7695345137374588,-0.5547
18,elcb_po,rsa_obs_s1,True,True,15,0,True,1,0,1,0,1,0,0.6874,0.25,0.7695345137374588,-0.5547
19,elcb_po,rsa_obs_s1,True,True,15,0,True,1,0,1,0,1,0,0.6874,0.25,0.7695345137374588,-0.5547
20,elcb_po,rsa_obs_s1,True,True,15,0,True,1,0,1,0,1,0,0.6874,0.25,0.7695345137374588,-0.5547
21,elcb_po,rsa_obs_s1,True,True,15,0,True,1,0,1,0,1,0,0.6874,0.25,0.7695345137374588,-0.5547
22,elcb_po,rsa_obs_s1,True,True,15,0,True,1,0,1,0,1,0,0.6874,0.25,0.7695345137374588,-0.5547
23,elcb_po,rsa_obs_s1,True,True,15,0,True,1,0,1,0,1,0,0.6874,0.25,0.7695345137374588,-0.5547
24,elcb_po,rsa_obs_s1,True,True,15,0,True,1,0,1,0,1,0,0.6874,0.25,0.7695345137374588,-0.5547
25,elcb_po,rsa_obs_s1,True,True,15,0,True,1,0,1,0,1,0,0.6874,0.25,0.7695345137374588,-0.5547
26,elcb_po,rsa_obs_s1,True,True,15,0,True,1,0,1,0,1,0,0.6874,0.25,0.7695345137374588,-0.5547
27,elcb_po,rsa_obs_s1,True,True,15,0,True,1,0,1,0,1,0,0.6874,0.25,0.7695345137374588,-0.5547
28,elcb_po,rsa_obs_s1,True,True,15,0,True,1,0,1,0,1,0,0.6874,0.25,0.7695345137374588,-0.5547
29,elcb_po,rsa_obs_s1,True,True,15,0,True,1,0,1,0,1,0,0.6874,0.25,0.7695345137374588,-0.5547
30,elcb_po,rsa_obs_s1,True,True,15,0,True,1,0,1,0,1,0,0.6874,0.25,0.7695345137374588,-0.5547
31,elcb_po,rsa_obs_s1,True,True,15,0,True,1,0,1,0,1,0,0.6874,0.25,0.7695345137374588,-0.5547
32,elcb_po,rsa_obs_s1,True,True,15,0,True,1,0,1,0,1,0,0.6874,0.25,0.7695345137374588,-0.5547
33,elcb_po,rsa_obs_s1,True,True,15,0,True,1,0,1,0,1,0,0.6874,0.25,0.7695345137374588,-0.5547
34,elcb_po,rsa_obs_s1,True,True,15,0,True,1,0,1,0,1,0,0.6874,0.25,0.7695345137374588,-0.5547
35,elcb_po,rsa_obs_s1,True,True,15,0,True,1,0,1,0,1,0,0.6874,0.25,0.7695345137374588,-0.5547
36,elcb_po,rsa_obs_s1,True,True,15,0,True,1,0,1,0,1,0,0.6874,0.25,0.7695345137374588,-0.5547
37,elcb_po,rsa_obs_s1,True,True,15,0,True,1,0,1,0,1,0,0.6874,0.25,0.7695345137374588,-0.5547
38,elcb_po,rsa_obs_s1,True,True,15,0,True,1,0,1,0,1,0,0.6874,0.25,0.7695345137374588,-0.5547
39,elcb_po,rsa_obs_s1,True,True,15,0,True,1,0,1,0,1,0,0.6874,0.25,0.7695345137374588,-0.5547
40,elcb_po,rsa_obs_s1,True,True,15,0,True,1,0,1,0,1,0,0.6874,0.25,0.7695345137374588,-0.5547
41,elcb_po,rsa_obs_s1,True,True,15,0,True,1,0,1,0,1,0,0.6874,0.25,0.7695345137374588,-0.5547
42,elcb_po,rsa_obs_s1,True,True,15,0,True,1,0,1,0,1,0,0.6874,0.25,0.7695345137374588,-0.5547
43,elcb_po,rsa_obs_s1,True,True,15,0,True,1,0,1,0,1,0,0.6874,0.25,0.7695345137374588,-0.5547
44,elcb_po,rsa_obs_s1,True,True,15,0,True,1,0,1,0,1,0,0.6874,0.25,0.7695345137374588,-0.5547
45,elcb_po,rsa_obs_s1,True,True,15,0,True,1,0,1,0,1,0,0.6874,0.25,0.7695345137374588,-0.5547
46,elcb_po,rsa_obs_s1,True,True,15,0,True,1,0,1,0,1,0,0.6874,0.25,0.7695345137374588,-0.5547
47,elcb_po,rsa_obs_s1,True,True,15,0,True,1,0,1,0,1,0,0.6874,0.25,0.7695345137374588,-0.5547
48,elcb_po,rsa_obs_s1,True,True,15,0,True,1,0,1,0,1,0,0.6874,0.25,0.7695345137374588,-0.5547
49,elcb_po,rsa_obs_s1,True,True,15,0,True,1,0,1,0,1,0,0.6874,0.25,0.7695345137374588,-0.5547
0,baseline_v2,legacy_bias,True,True,34,0,True,3,0,3,0,3,0,0.0,0.25,0.25,-0.6409
1,baseline_v2,legacy_bias,True,True,34,0,True,3,0,3,0,3,0,0.0,0.25,0.25,-0.638
2,baseline_v2,legacy_bias,True,True,30,3,False,3,0,0,3,0,3,0.0,0.25,0.25,-0.6409
3,baseline_v2,legacy_bias,False,False,15,1,False,3,0,3,0,3,0,0.0,0.25,0.25,-0.6409
4,baseline_v2,legacy_bias,True,True,36,0,True,3,0,3,0,3,0,0.0,0.25,0.25,-0.6409
5,baseline_v2,legacy_bias,True,True,34,0,True,3,0,3,0,3,0,0.0,0.25,0.25,-0.6409
6,baseline_v2,legacy_bias,True,True,33,0,True,3,0,3,0,3,0,0.0,0.25,0.25,-0.638
7,baseline_v2,legacy_bias,True,True,35,0,True,3,0,1,2,1,2,0.0,0.25,0.25,-0.6409
8,baseline_v2,legacy_bias,True,True,30,3,False,3,0,2,1,2,1,0.0,0.25,0.25,-0.6409
9,baseline_v2,legacy_bias,True,True,35,0,True,3,0,3,0,3,0,0.0,0.25,0.25,-0.638
10,baseline_v2,legacy_bias,True,True,34,0,True,3,0,3,0,3,0,0.0,0.25,0.25,-0.6409
11,baseline_v2,legacy_bias,True,True,30,3,False,3,0,3,0,3,0,0.0,0.25,0.25,-0.6269
12,baseline_v2,legacy_bias,True,True,31,3,False,3,0,3,0,3,0,0.0,0.25,0.25,-0.638
13,baseline_v2,legacy_bias,True,True,36,0,True,3,0,3,0,3,0,0.0,0.25,0.25,-0.6409
14,baseline_v2,legacy_bias,True,True,31,3,False,3,0,1,2,1,2,0.0,0.25,0.25,-0.6269
15,baseline_v2,legacy_bias,True,True,36,0,True,3,0,3,0,3,0,0.0,0.25,0.25,-0.6409
16,baseline_v2,legacy_bias,True,True,34,0,True,3,0,2,1,2,1,0.0,0.25,0.25,-0.638
17,baseline_v2,legacy_bias,True,True,34,0,True,3,0,3,0,3,0,0.0,0.25,0.25,-0.6409
18,baseline_v2,legacy_bias,True,True,33,0,True,3,0,2,1,2,1,0.0,0.25,0.25,-0.6409
19,baseline_v2,legacy_bias,True,True,33,0,True,3,0,1,2,1,2,0.0,0.25,0.25,-0.638
20,baseline_v2,legacy_bias,True,True,30,3,False,3,0,3,0,3,0,0.0,0.25,0.25,-0.6409
21,baseline_v2,legacy_bias,True,True,31,3,False,3,0,1,2,1,2,0.0,0.25,0.25,-0.6269
22,baseline_v2,legacy_bias,True,True,34,0,True,3,0,3,0,3,0,0.0,0.25,0.25,-0.6409
23,baseline_v2,legacy_bias,True,True,31,3,False,3,0,3,0,3,0,0.0,0.25,0.25,-0.6269
24,baseline_v2,legacy_bias,False,False,14,1,False,3,0,3,0,3,0,0.0,0.25,0.25,-0.638
25,baseline_v2,legacy_bias,False,False,14,1,False,3,0,3,0,3,0,0.0,0.25,0.25,-0.638
26,baseline_v2,legacy_bias,True,True,34,0,True,3,0,3,0,3,0,0.0,0.25,0.25,-0.6409
27,baseline_v2,legacy_bias,False,False,3,1,False,2,0,1,1,2,1,0.0,0.25,0.25,-0.6269
28,baseline_v2,legacy_bias,True,True,33,0,True,3,0,3,0,3,0,0.0,0.25,0.25,-0.638
29,baseline_v2,legacy_bias,False,False,16,2,False,3,0,3,0,3,0,0.0,0.25,0.25,-0.6409
30,baseline_v2,legacy_bias,False,False,15,3,False,3,0,2,1,2,1,0.0,0.25,0.25,-0.6269
31,baseline_v2,legacy_bias,True,True,34,0,True,3,0,3,0,3,0,0.0,0.25,0.25,-0.638
32,baseline_v2,legacy_bias,False,False,16,2,False,3,0,3,0,3,0,0.0,0.25,0.25,-0.6409
33,baseline_v2,legacy_bias,True,True,34,0,True,3,0,3,0,3,0,0.0,0.25,0.25,-0.6409
34,baseline_v2,legacy_bias,True,True,28,3,False,3,0,3,0,3,0,0.0,0.25,0.25,-0.6269
35,baseline_v2,legacy_bias,False,False,5,3,False,3,0,3,0,3,0,0.0,0.25,0.25,-0.6269
36,baseline_v2,legacy_bias,False,False,14,1,False,3,0,3,0,3,0,0.0,0.25,0.25,-0.638
37,baseline_v2,legacy_bias,False,False,3,1,False,2,0,2,0,3,0,0.0,0.25,0.25,-0.6269
38,baseline_v2,legacy_bias,True,True,29,3,False,3,0,3,0,3,0,0.0,0.25,0.25,-0.6269
39,baseline_v2,legacy_bias,True,True,33,0,True,3,0,3,0,3,0,0.0,0.25,0.25,-0.6409
40,baseline_v2,legacy_bias,True,True,33,0,True,3,0,1,2,1,2,0.0,0.25,0.25,-0.638
41,baseline_v2,legacy_bias,True,True,35,0,True,3,0,3,0,3,0,0.0,0.25,0.25,-0.638
42,baseline_v2,legacy_bias,True,True,31,3,False,3,0,3,0,3,0,0.0,0.25,0.25,-0.6269
43,baseline_v2,legacy_bias,True,True,33,0,True,3,0,3,0,3,0,0.0,0.25,0.25,-0.638
44,baseline_v2,legacy_bias,True,True,32,3,False,3,0,2,1,2,1,0.0,0.25,0.25,-0.6409
45,baseline_v2,legacy_bias,True,True,35,0,True,3,0,3,0,3,0,0.0,0.25,0.25,-0.6409
46,baseline_v2,legacy_bias,True,True,33,0,True,3,0,3,0,3,0,0.0,0.25,0.25,-0.638
47,baseline_v2,legacy_bias,True,True,31,3,False,3,0,3,0,3,0,0.0,0.25,0.25,-0.6269
48,baseline_v2,legacy_bias,False,False,3,1,False,2,0,2,0,3,0,0.0,0.25,0.25,-0.6269
49,baseline_v2,legacy_bias,False,False,4,2,False,2,0,2,0,3,0,0.0,0.25,0.25,-0.6269
0,baseline_v2,rsa_obs_s1,True,True,34,0,True,3,0,3,0,3,0,0.6874,0.25,0.7695345137374588,-0.5547
1,baseline_v2,rsa_obs_s1,True,True,34,0,True,3,0,3,0,3,0,0.6874,0.25,0.7695345137374588,-0.5547
2,baseline_v2,rsa_obs_s1,False,False,15,1,False,3,0,0,3,0,3,0.6874,0.25,0.7695345137374588,-0.5547
3,baseline_v2,rsa_obs_s1,False,False,15,1,False,3,0,3,0,3,0,0.6874,0.25,0.7695345137374588,-0.5547
4,baseline_v2,rsa_obs_s1,True,True,36,0,True,3,0,3,0,3,0,0.6874,0.25,0.7695345137374588,-0.5547
5,baseline_v2,rsa_obs_s1,False,False,27,1,False,3,0,3,0,3,0,0.6874,0.25,0.7695345137374588,-0.5547
6,baseline_v2,rsa_obs_s1,True,True,33,0,True,3,0,3,0,3,0,0.6874,0.25,0.7695345137374588,-0.5547
7,baseline_v2,rsa_obs_s1,True,True,35,0,True,3,0,1,2,1,2,0.6874,0.25,0.7695345137374588,-0.5547
8,baseline_v2,rsa_obs_s1,True,True,30,3,False,3,0,2,1,2,1,0.6874,0.25,0.7695345137374588,-0.5547
9,baseline_v2,rsa_obs_s1,True,True,35,0,True,3,0,3,0,3,0,0.6874,0.25,0.7695345137374588,-0.5547
10,baseline_v2,rsa_obs_s1,False,False,29,3,False,3,0,3,0,3,0,0.6874,0.25,0.7695345137374588,-0.5547
11,baseline_v2,rsa_obs_s1,True,True,30,3,False,3,0,3,0,3,0,0.6874,0.25,0.7695345137374588,-0.5547
12,baseline_v2,rsa_obs_s1,True,True,31,3,False,3,0,3,0,3,0,0.6874,0.25,0.7695345137374588,-0.5547
13,baseline_v2,rsa_obs_s1,True,True,36,0,True,3,0,3,0,3,0,0.6874,0.25,0.7695345137374588,-0.5547
14,baseline_v2,rsa_obs_s1,True,True,33,0,True,3,0,1,2,1,2,0.6874,0.25,0.7695345137374588,-0.5547
15,baseline_v2,rsa_obs_s1,True,True,36,0,True,3,0,3,0,3,0,0.6874,0.25,0.7695345137374588,-0.5547
16,baseline_v2,rsa_obs_s1,True,True,34,0,True,3,0,2,1,2,1,0.6874,0.25,0.7695345137374588,-0.5547
17,baseline_v2,rsa_obs_s1,True,True,32,3,False,3,0,3,0,3,0,0.6874,0.25,0.7695345137374588,-0.5547
18,baseline_v2,rsa_obs_s1,True,True,31,3,False,3,0,2,1,2,1,0.6874,0.25,0.7695345137374588,-0.5547
19,baseline_v2,rsa_obs_s1,True,True,33,0,True,3,0,1,2,1,2,0.6874,0.25,0.7695345137374588,-0.5547
20,baseline_v2,rsa_obs_s1,True,True,30,3,False,3,0,3,0,3,0,0.6874,0.25,0.7695345137374588,-0.5547
21,baseline_v2,rsa_obs_s1,True,True,33,0,True,3,0,1,2,1,2,0.6874,0.25,0.7695345137374588,-0.5547
22,baseline_v2,rsa_obs_s1,True,True,34,0,True,3,0,3,0,3,0,0.6874,0.25,0.7695345137374588,-0.5547
23,baseline_v2,rsa_obs_s1,True,True,33,0,True,3,0,3,0,3,0,0.6874,0.25,0.7695345137374588,-0.5547
24,baseline_v2,rsa_obs_s1,False,False,14,1,False,3,0,3,0,3,0,0.6874,0.25,0.7695345137374588,-0.5547
25,baseline_v2,rsa_obs_s1,False,False,15,2,False,3,0,3,0,3,0,0.6874,0.25,0.7695345137374588,-0.5547
26,baseline_v2,rsa_obs_s1,True,True,34,0,True,3,0,3,0,3,0,0.6874,0.25,0.7695345137374588,-0.5547
27,baseline_v2,rsa_obs_s1,True,True,30,3,False,3,0,2,1,2,1,0.6874,0.25,0.7695345137374588,-0.5547
28,baseline_v2,rsa_obs_s1,True,True,31,3,False,3,0,3,0,3,0,0.6874,0.25,0.7695345137374588,-0.5547
29,baseline_v2,rsa_obs_s1,False,False,17,3,False,3,0,3,0,3,0,0.6874,0.25,0.7695345137374588,-0.5547
30,baseline_v2,rsa_obs_s1,False,False,15,3,False,3,0,2,1,2,1,0.6874,0.25,0.7695345137374588,-0.5547
31,baseline_v2,rsa_obs_s1,True,True,34,0,True,3,0,3,0,3,0,0.6874,0.25,0.7695345137374588,-0.5547
32,baseline_v2,rsa_obs_s1,False,False,16,2,False,3,0,3,0,3,0,0.6874,0.25,0.7695345137374588,-0.5547
33,baseline_v2,rsa_obs_s1,True,True,34,0,True,3,0,3,0,3,0,0.6874,0.25,0.7695345137374588,-0.5547
34,baseline_v2,rsa_obs_s1,True,True,26,6,False,3,0,3,0,3,0,0.6874,0.25,0.7695345137374588,-0.5547
35,baseline_v2,rsa_obs_s1,True,True,33,0,True,3,0,3,0,3,0,0.6874,0.25,0.7695345137374588,-0.5547
36,baseline_v2,rsa_obs_s1,False,False,14,1,False,3,0,3,0,3,0,0.6874,0.25,0.7695345137374588,-0.5547
37,baseline_v2,rsa_obs_s1,True,True,33,0,True,3,0,3,0,3,0,0.6874,0.25,0.7695345137374588,-0.5547
38,baseline_v2,rsa_obs_s1,False,False,25,2,False,3,0,3,0,3,0,0.6874,0.25,0.7695345137374588,-0.5547
39,baseline_v2,rsa_obs_s1,False,False,26,1,False,3,0,3,0,3,0,0.6874,0.25,0.7695345137374588,-0.5547
40,baseline_v2,rsa_obs_s1,True,True,31,3,False,3,0,1,2,1,2,0.6874,0.25,0.7695345137374588,-0.5547
41,baseline_v2,rsa_obs_s1,True,True,35,0,True,3,0,3,0,3,0,0.6874,0.25,0.7695345137374588,-0.5547
42,baseline_v2,rsa_obs_s1,True,True,33,0,True,3,0,3,0,3,0,0.6874,0.25,0.7695345137374588,-0.5547
43,baseline_v2,rsa_obs_s1,True,True,33,0,True,3,0,3,0,3,0,0.6874,0.25,0.7695345137374588,-0.5547
44,baseline_v2,rsa_obs_s1,True,True,32,3,False,3,0,2,1,2,1,0.6874,0.25,0.7695345137374588,-0.5547
45,baseline_v2,rsa_obs_s1,True,True,35,0,True,3,0,3,0,3,0,0.6874,0.25,0.7695345137374588,-0.5547
46,baseline_v2,rsa_obs_s1,False,False,26,1,False,3,0,3,0,3,0,0.6874,0.25,0.7695345137374588,-0.5547
47,baseline_v2,rsa_obs_s1,True,True,33,0,True,3,0,3,0,3,0,0.6874,0.25,0.7695345137374588,-0.5547
48,baseline_v2,rsa_obs_s1,True,True,32,0,True,3,0,3,0,3,0,0.6874,0.25,0.7695345137374588,-0.5547
49,baseline_v2,rsa_obs_s1,True,True,33,0,True,3,0,3,0,3,0,0.6874,0.25,0.7695345137374588,-0.5547
