episode_id,family,condition,seed,n_steps,mean_delta_theta,max_delta_theta,mean_delta_theta_c,mean_delta_theta_r,mean_delta_B_latent,mean_delta_B_pred,bar,n_non_wait,success,death,steps,unlocks,warns
fork_trap_no_tutor_s0,fork_trap,no_tutor,0,3,0.298093,0.852,0.032275,0.201089,0.0,0.0,0.0,0,0,1,3,0,0
fork_trap_no_tutor_s1,fork_trap,no_tutor,1,5,0.267097,1.040375,0.015803,0.172702,0.0,0.0,0.0,0,0,1,5,0,0
fork_trap_no_tutor_s2,fork_trap,no_tutor,2,5,0.301256,1.226153,0.037838,0.227759,0.0,0.0,0.0,0,0,1,5,0,0
fork_trap_no_tutor_s3,fork_trap,no_tutor,3,5,0.225307,0.926878,0.025485,0.149448,0.0,0.0,0.0,0,0,1,5,0,0
fork_trap_no_tutor_s4,fork_trap,no_tutor,4,5,0.36405,1.368224,0.017787,0.279564,0.0,0.0,0.0,0,0,1,5,0,0
fork_trap_warning_only_s0,fork_trap,warning_only,0,3,0.298093,0.852,0.032275,0.201089,0.0,0.0,0.0,0,0,1,3,0,0
fork_trap_warning_only_s1,fork_trap,warning_only,1,5,0.267097,1.040375,0.015803,0.172702,0.0,0.0,0.0,0,0,1,5,0,0
fork_trap_warning_only_s2,fork_trap,warning_only,2,5,0.301256,1.226153,0.037838,0.227759,0.0,0.0,0.0,0,0,1,5,0,0
fork_trap_warning_only_s3,fork_trap,warning_only,3,5,0.225307,0.926878,0.025485,0.149448,0.0,0.0,0.0,0,0,1,5,0,0
fork_trap_warning_only_s4,fork_trap,warning_only,4,5,0.36405,1.368224,0.017787,0.279564,0.0,0.0,0.0,0,0,1,5,0,0
fork_trap_robot_belief_pre_s0,fork_trap,robot_belief_pre,0,3,0.354321,0.693572,0.032106,0.206375,0.0,0.0,1.0,3,0,1,3,0,1
fork_trap_robot_belief_pre_s1,fork_trap,robot_belief_pre,1,11,0.051727,0.312305,0.001507,0.026111,0.0,0.0,1.0,11,1,0,11,0,1
fork_trap_robot_belief_pre_s2,fork_trap,robot_belief_pre,2,5,0.362469,1.102979,0.037082,0.250776,0.0,0.0,1.0,5,0,1,5,0,1
fork_trap_robot_belief_pre_s3,fork_trap,robot_belief_pre,3,5,0.29616,0.845532,0.025533,0.185505,0.0,0.0,1.0,5,0,1,5,0,1
fork_trap_robot_belief_pre_s4,fork_trap,robot_belief_pre,4,11,0.095606,0.325459,0.002727,0.062191,0.0,0.0,1.0,11,1,0,11,0,1
fork_trap_robot_belief_post_s0,fork_trap,robot_belief_post,0,3,0.354321,0.693572,0.032106,0.206375,0.0,0.0,0.6667,3,0,1,3,0,1
fork_trap_robot_belief_post_s1,fork_trap,robot_belief_post,1,11,0.051727,0.312305,0.001507,0.026111,0.0,0.0,0.8182,11,1,0,11,0,1
fork_trap_robot_belief_post_s2,fork_trap,robot_belief_post,2,5,0.362469,1.102979,0.037082,0.250776,0.0,0.0,0.6,5,0,1,5,0,1
fork_trap_robot_belief_post_s3,fork_trap,robot_belief_post,3,5,0.29616,0.845532,0.025533,0.185505,0.0,0.0,0.6,5,0,1,5,0,1
fork_trap_robot_belief_post_s4,fork_trap,robot_belief_post,4,11,0.095606,0.325459,0.002727,0.062191,0.0,0.0,0.7273,11,1,0,11,0,1
hazard_belt_no_tutor_s0,hazard_belt,no_tutor,0,18,0.096262,0.848305,0.004775,0.037062,0.0,0.0,0.0,0,0,1,18,0,0
hazard_belt_no_tutor_s1,hazard_belt,no_tutor,1,11,0.184467,1.314725,0.009323,0.121253,0.0,0.0,0.0,0,0,1,11,0,0
hazard_belt_no_tutor_s2,hazard_belt,no_tutor,2,5,0.246615,0.803799,0.000265,0.096876,0.0,0.0,0.0,0,0,1,5,0,0
hazard_belt_no_tutor_s3,hazard_belt,no_tutor,3,11,0.186483,1.323838,0.008255,0.126596,0.0,0.0,0.0,0,0,1,11,0,0
hazard_belt_no_tutor_s4,hazard_belt,no_tutor,4,11,0.177508,1.212308,0.004819,0.11545,0.0,0.0,0.0,0,0,1,11,0,0
hazard_belt_item_only_s0,hazard_belt,item_only,0,23,0.057454,0.208745,0.004184,0.025181,0.0,0.0,0.0,21,1,0,23,0,0
hazard_belt_item_only_s1,hazard_belt,item_only,1,11,0.184467,1.314725,0.009323,0.121253,0.0,0.0,0.0,11,0,1,11,0,0
hazard_belt_item_only_s2,hazard_belt,item_only,2,5,0.246615,0.803799,0.000265,0.096876,0.0,0.0,0.0,5,0,1,5,0,0
hazard_belt_item_only_s3,hazard_belt,item_only,3,23,0.055638,0.218133,0.004111,0.022687,0.0,0.0,0.0,21,1,0,23,0,0
hazard_belt_item_only_s4,hazard_belt,item_only,4,23,0.057295,0.222033,0.0024,0.026933,0.0,0.0,0.0,21,1,0,23,0,0
hazard_belt_robot_belief_pre_s0,hazard_belt,robot_belief_pre,0,25,0.066929,0.263999,0.003889,0.031998,0.0,0.0,1.0,25,1,0,25,0,3
hazard_belt_robot_belief_pre_s1,hazard_belt,robot_belief_pre,1,11,0.217966,1.118947,0.009261,0.130752,0.0,0.0,1.0,11,0,1,11,0,3
hazard_belt_robot_belief_pre_s2,hazard_belt,robot_belief_pre,2,5,0.316553,0.669203,0.000278,0.133459,0.0,0.0,1.0,5,0,1,5,0,3
hazard_belt_robot_belief_pre_s3,hazard_belt,robot_belief_pre,3,11,0.221995,1.129179,0.008162,0.136943,0.0,0.0,1.0,11,0,1,11,0,3
hazard_belt_robot_belief_pre_s4,hazard_belt,robot_belief_pre,4,11,0.215632,1.038394,0.004806,0.128152,0.0,0.0,1.0,11,0,1,11,0,3
hazard_belt_robot_belief_post_s0,hazard_belt,robot_belief_post,0,25,0.065856,0.286839,0.003889,0.031655,0.0,0.0,0.7083,24,1,0,25,0,3
hazard_belt_robot_belief_post_s1,hazard_belt,robot_belief_post,1,11,0.20193,1.043366,0.009261,0.116819,0.0,0.0,0.7273,11,0,1,11,0,3
hazard_belt_robot_belief_post_s2,hazard_belt,robot_belief_post,2,5,0.38215,0.90475,0.000278,0.162393,0.0,0.0,0.6,5,0,1,5,0,3
hazard_belt_robot_belief_post_s3,hazard_belt,robot_belief_post,3,25,0.066161,0.305093,0.003666,0.0326,0.0,0.0,0.7083,24,1,0,25,0,3
hazard_belt_robot_belief_post_s4,hazard_belt,robot_belief_post,4,25,0.070254,0.313467,0.002319,0.03681,0.0,0.0,0.7083,24,1,0,25,0,3
deadline_gate_no_tutor_s0,deadline_gate,no_tutor,0,3,0.230703,0.651791,0.001317,0.084654,0.0,0.0,0.0,0,0,1,3,0,0
deadline_gate_no_tutor_s1,deadline_gate,no_tutor,1,3,0.248903,0.704797,0.002968,0.126254,0.0,0.0,0.0,0,0,1,3,0,0
deadline_gate_no_tutor_s2,deadline_gate,no_tutor,2,30,0.021944,0.134499,0.000713,0.009328,0.0,0.0,0.0,0,1,0,30,0,0
deadline_gate_no_tutor_s3,deadline_gate,no_tutor,3,30,0.018779,0.141,0.00066,0.007705,0.0,0.0,0.0,0,1,0,30,0,0
deadline_gate_no_tutor_s4,deadline_gate,no_tutor,4,30,0.021944,0.134652,0.000813,0.009603,0.0,0.0,0.0,0,1,0,30,0,0
deadline_gate_unlock_only_s0,deadline_gate,unlock_only,0,26,nan,nan,nan,0.004607,0.0,0.0,0.0435,23,1,0,26,1,0
deadline_gate_unlock_only_s1,deadline_gate,unlock_only,1,26,nan,nan,nan,0.004609,0.0,0.0,0.0435,23,1,0,26,1,0
deadline_gate_unlock_only_s2,deadline_gate,unlock_only,2,26,nan,nan,nan,0.004803,0.0,0.0,0.0435,23,1,0,26,1,0
deadline_gate_unlock_only_s3,deadline_gate,unlock_only,3,26,nan,nan,nan,0.004479,0.0,0.0,0.0435,23,1,0,26,1,0
deadline_gate_unlock_only_s4,deadline_gate,unlock_only,4,26,nan,nan,nan,0.004608,0.0,0.0,0.0435,23,1,0,26,1,0
deadline_gate_robot_belief_pre_s0,deadline_gate,robot_belief_pre,0,26,nan,nan,nan,0.004607,0.0,0.0,1.0,26,1,0,26,1,3
deadline_gate_robot_belief_pre_s1,deadline_gate,robot_belief_pre,1,26,nan,nan,nan,0.004609,0.0,0.0,1.0,26,1,0,26,1,3
deadline_gate_robot_belief_pre_s2,deadline_gate,robot_belief_pre,2,26,nan,nan,nan,0.004803,0.0,0.0,1.0,26,1,0,26,1,3
deadline_gate_robot_belief_pre_s3,deadline_gate,robot_belief_pre,3,26,nan,nan,nan,0.004479,0.0,0.0,1.0,26,1,0,26,1,3
deadline_gate_robot_belief_pre_s4,deadline_gate,robot_belief_pre,4,26,nan,nan,nan,0.004608,0.0,0.0,1.0,26,1,0,26,1,3
deadline_gate_robot_belief_post_s0,deadline_gate,robot_belief_post,0,26,nan,nan,nan,0.004607,0.0,0.0,0.84,25,1,0,26,1,3
deadline_gate_robot_belief_post_s1,deadline_gate,robot_belief_post,1,26,nan,nan,nan,0.004609,0.0,0.0,0.84,25,1,0,26,1,3
deadline_gate_robot_belief_post_s2,deadline_gate,robot_belief_post,2,26,nan,nan,nan,0.004803,0.0,0.0,0.84,25,1,0,26,1,3
deadline_gate_robot_belief_post_s3,deadline_gate,robot_belief_post,3,26,nan,nan,nan,0.004479,0.0,0.0,0.84,25,1,0,26,1,3
deadline_gate_robot_belief_post_s4,deadline_gate,robot_belief_post,4,26,nan,nan,nan,0.004608,0.0,0.0,0.84,25,1,0,26,1,3
