family,difficulty,condition,seed,success,survived,steps,unlocks,warns,wbcr,tq,n_warns,prcr
funnel_trap,easy,no_tutor,0,0,0,11,0,0,1,0.0,0,0
funnel_trap,easy,no_tutor,1,0,0,3,0,0,1,0.0,0,1
funnel_trap,easy,no_tutor,2,1,1,14,0,0,1,0.0,0,0
funnel_trap,easy,no_tutor,3,1,1,14,0,0,1,0.0,0,0
funnel_trap,easy,no_tutor,4,1,1,14,0,0,1,0.0,0,0
funnel_trap,easy,no_tutor,5,0,0,11,0,0,1,0.0,0,0
funnel_trap,easy,no_tutor,6,0,0,5,0,0,1,0.0,0,1
funnel_trap,easy,no_tutor,7,1,1,14,0,0,1,0.0,0,0
funnel_trap,easy,no_tutor,8,0,0,11,0,0,1,0.0,0,0
funnel_trap,easy,no_tutor,9,0,0,11,0,0,1,0.0,0,0
funnel_trap,easy,no_tutor,10,1,1,14,0,0,1,0.0,0,0
funnel_trap,easy,no_tutor,11,0,0,11,0,0,1,0.0,0,0
funnel_trap,easy,no_tutor,12,1,1,14,0,0,1,0.0,0,0
funnel_trap,easy,no_tutor,13,1,1,14,0,0,1,0.0,0,0
funnel_trap,easy,no_tutor,14,1,1,14,0,0,1,0.0,0,0
funnel_trap,easy,no_tutor,15,1,1,14,0,0,1,0.0,0,0
funnel_trap,easy,no_tutor,16,1,1,14,0,0,1,0.0,0,0
funnel_trap,easy,no_tutor,17,1,1,14,0,0,1,0.0,0,0
funnel_trap,easy,no_tutor,18,0,0,11,0,0,1,0.0,0,0
funnel_trap,easy,no_tutor,19,1,1,14,0,0,1,0.0,0,0
funnel_trap,easy,warning_only,0,0,0,11,0,0,1,0.0,0,0
funnel_trap,easy,warning_only,1,0,0,3,0,0,1,0.0,0,1
funnel_trap,easy,warning_only,2,1,1,14,0,0,1,0.0,0,0
funnel_trap,easy,warning_only,3,1,1,14,0,0,1,0.0,0,0
funnel_trap,easy,warning_only,4,1,1,14,0,0,1,0.0,0,0
funnel_trap,easy,warning_only,5,0,0,11,0,0,1,0.0,0,0
funnel_trap,easy,warning_only,6,0,0,5,0,0,1,0.0,0,1
funnel_trap,easy,warning_only,7,1,1,14,0,0,1,0.0,0,0
funnel_trap,easy,warning_only,8,0,0,11,0,0,1,0.0,0,0
funnel_trap,easy,warning_only,9,0,0,11,0,0,1,0.0,0,0
funnel_trap,easy,warning_only,10,1,1,14,0,0,1,0.0,0,0
funnel_trap,easy,warning_only,11,0,0,11,0,0,1,0.0,0,0
funnel_trap,easy,warning_only,12,1,1,14,0,0,1,0.0,0,0
funnel_trap,easy,warning_only,13,1,1,14,0,0,1,0.0,0,0
funnel_trap,easy,warning_only,14,1,1,14,0,0,1,0.0,0,0
funnel_trap,easy,warning_only,15,1,1,14,0,0,1,0.0,0,0
funnel_trap,easy,warning_only,16,1,1,14,0,0,1,0.0,0,0
funnel_trap,easy,warning_only,17,1,1,14,0,0,1,0.0,0,0
funnel_trap,easy,warning_only,18,0,0,11,0,0,1,0.0,0,0
funnel_trap,easy,warning_only,19,1,1,14,0,0,1,0.0,0,0
funnel_trap,easy,robot_belief_pre,0,1,1,14,0,2,1,0.25,16,0
funnel_trap,easy,robot_belief_pre,1,0,0,11,0,2,1,0.3333,13,0
funnel_trap,easy,robot_belief_pre,2,1,1,14,0,2,1,0.25,16,0
funnel_trap,easy,robot_belief_pre,3,0,0,11,0,2,1,0.3333,13,0
funnel_trap,easy,robot_belief_pre,4,1,1,14,0,2,1,0.25,16,0
funnel_trap,easy,robot_belief_pre,5,1,1,14,0,2,1,0.25,16,0
funnel_trap,easy,robot_belief_pre,6,1,1,14,0,2,1,0.25,16,0
funnel_trap,easy,robot_belief_pre,7,1,1,14,0,2,1,0.25,16,0
funnel_trap,easy,robot_belief_pre,8,1,1,14,0,2,1,0.25,16,0
funnel_trap,easy,robot_belief_pre,9,0,0,11,0,2,1,0.3333,13,0
funnel_trap,easy,robot_belief_pre,10,0,0,11,0,2,1,0.3333,13,0
funnel_trap,easy,robot_belief_pre,11,0,0,11,0,2,1,0.3333,13,0
funnel_trap,easy,robot_belief_pre,12,0,0,11,0,2,1,0.3333,13,0
funnel_trap,easy,robot_belief_pre,13,1,1,14,0,2,1,0.25,16,0
funnel_trap,easy,robot_belief_pre,14,1,1,14,0,2,1,0.25,16,0
funnel_trap,easy,robot_belief_pre,15,1,1,14,0,2,1,0.25,16,0
funnel_trap,easy,robot_belief_pre,16,1,1,14,0,2,1,0.25,16,0
funnel_trap,easy,robot_belief_pre,17,1,1,14,0,2,1,0.25,16,0
funnel_trap,easy,robot_belief_pre,18,1,1,14,0,2,1,0.25,16,0
funnel_trap,easy,robot_belief_pre,19,1,1,14,0,2,1,0.25,16,0
funnel_trap,easy,robot_belief_post,0,1,1,14,0,2,1,0.3077,13,0
funnel_trap,easy,robot_belief_post,1,1,1,14,0,2,1,0.3077,13,0
funnel_trap,easy,robot_belief_post,2,1,1,14,0,2,1,0.3077,13,0
funnel_trap,easy,robot_belief_post,3,1,1,14,0,2,1,0.3077,13,0
funnel_trap,easy,robot_belief_post,4,1,1,14,0,2,1,0.3077,13,0
funnel_trap,easy,robot_belief_post,5,1,1,14,0,2,1,0.3077,13,0
funnel_trap,easy,robot_belief_post,6,1,1,14,0,2,1,0.3077,13,0
funnel_trap,easy,robot_belief_post,7,1,1,14,0,2,1,0.3077,13,0
funnel_trap,easy,robot_belief_post,8,1,1,14,0,2,1,0.3077,13,0
funnel_trap,easy,robot_belief_post,9,0,0,11,0,2,1,0.3611,12,0
funnel_trap,easy,robot_belief_post,10,1,1,14,0,2,1,0.3077,13,0
funnel_trap,easy,robot_belief_post,11,1,1,14,0,2,1,0.3077,13,0
funnel_trap,easy,robot_belief_post,12,1,1,14,0,2,1,0.3077,13,0
funnel_trap,easy,robot_belief_post,13,1,1,14,0,2,1,0.3077,13,0
funnel_trap,easy,robot_belief_post,14,1,1,14,0,2,1,0.3077,13,0
funnel_trap,easy,robot_belief_post,15,1,1,14,0,2,1,0.3077,13,0
funnel_trap,easy,robot_belief_post,16,1,1,14,0,2,1,0.3077,13,0
funnel_trap,easy,robot_belief_post,17,1,1,14,0,2,1,0.3077,13,0
funnel_trap,easy,robot_belief_post,18,1,1,14,0,2,1,0.3077,13,0
funnel_trap,easy,robot_belief_post,19,1,1,14,0,2,1,0.3077,13,0
funnel_trap,medium,no_tutor,0,1,1,16,0,0,1,0.0,0,0
funnel_trap,medium,no_tutor,1,0,0,3,0,0,1,0.0,0,1
funnel_trap,medium,no_tutor,2,1,1,16,0,0,1,0.0,0,0
funnel_trap,medium,no_tutor,3,0,0,12,0,0,1,0.0,0,1
funnel_trap,medium,no_tutor,4,0,0,13,0,0,1,0.0,0,0
funnel_trap,medium,no_tutor,5,1,1,16,0,0,1,0.0,0,0
funnel_trap,medium,no_tutor,6,0,0,5,0,0,1,0.0,0,1
funnel_trap,medium,no_tutor,7,1,1,16,0,0,1,0.0,0,0
funnel_trap,medium,no_tutor,8,0,0,12,0,0,1,0.0,0,1
funnel_trap,medium,no_tutor,9,1,1,16,0,0,1,0.0,0,0
funnel_trap,medium,no_tutor,10,1,1,16,0,0,1,0.0,0,0
funnel_trap,medium,no_tutor,11,0,0,13,0,0,1,0.0,0,0
funnel_trap,medium,no_tutor,12,0,0,6,0,0,1,0.0,0,1
funnel_trap,medium,no_tutor,13,0,0,13,0,0,1,0.0,0,0
funnel_trap,medium,no_tutor,14,0,0,4,0,0,1,0.0,0,1
funnel_trap,medium,no_tutor,15,1,1,16,0,0,1,0.0,0,0
funnel_trap,medium,no_tutor,16,0,0,13,0,0,1,0.0,0,0
funnel_trap,medium,no_tutor,17,1,1,16,0,0,1,0.0,0,0
funnel_trap,medium,no_tutor,18,0,0,13,0,0,1,0.0,0,0
funnel_trap,medium,no_tutor,19,0,0,6,0,0,1,0.0,0,1
funnel_trap,medium,warning_only,0,1,1,16,0,0,1,0.0,0,0
funnel_trap,medium,warning_only,1,0,0,3,0,0,1,0.0,0,1
funnel_trap,medium,warning_only,2,1,1,16,0,0,1,0.0,0,0
funnel_trap,medium,warning_only,3,0,0,12,0,0,1,0.0,0,1
funnel_trap,medium,warning_only,4,0,0,13,0,0,1,0.0,0,0
funnel_trap,medium,warning_only,5,1,1,16,0,0,1,0.0,0,0
funnel_trap,medium,warning_only,6,0,0,5,0,0,1,0.0,0,1
funnel_trap,medium,warning_only,7,1,1,16,0,0,1,0.0,0,0
funnel_trap,medium,warning_only,8,0,0,12,0,0,1,0.0,0,1
funnel_trap,medium,warning_only,9,1,1,16,0,0,1,0.0,0,0
funnel_trap,medium,warning_only,10,1,1,16,0,0,1,0.0,0,0
funnel_trap,medium,warning_only,11,0,0,13,0,0,1,0.0,0,0
funnel_trap,medium,warning_only,12,0,0,6,0,0,1,0.0,0,1
funnel_trap,medium,warning_only,13,0,0,13,0,0,1,0.0,0,0
funnel_trap,medium,warning_only,14,0,0,4,0,0,1,0.0,0,1
funnel_trap,medium,warning_only,15,1,1,16,0,0,1,0.0,0,0
funnel_trap,medium,warning_only,16,0,0,13,0,0,1,0.0,0,0
funnel_trap,medium,warning_only,17,1,1,16,0,0,1,0.0,0,0
funnel_trap,medium,warning_only,18,0,0,13,0,0,1,0.0,0,0
funnel_trap,medium,warning_only,19,0,0,6,0,0,1,0.0,0,1
funnel_trap,medium,robot_belief_pre,0,0,0,12,0,2,1,0.3095,14,1
funnel_trap,medium,robot_belief_pre,1,0,0,13,0,2,1,0.2667,15,0
funnel_trap,medium,robot_belief_pre,2,0,0,13,0,2,1,0.2667,15,0
funnel_trap,medium,robot_belief_pre,3,0,0,13,0,2,1,0.2667,15,0
funnel_trap,medium,robot_belief_pre,4,0,0,13,0,2,1,0.2667,15,0
funnel_trap,medium,robot_belief_pre,5,0,0,13,0,2,1,0.2667,15,0
funnel_trap,medium,robot_belief_pre,6,0,0,12,0,2,1,0.3095,14,1
funnel_trap,medium,robot_belief_pre,7,0,0,12,0,2,1,0.3095,14,1
funnel_trap,medium,robot_belief_pre,8,0,0,13,0,2,1,0.2667,15,0
funnel_trap,medium,robot_belief_pre,9,1,1,16,0,2,1,0.2222,18,0
funnel_trap,medium,robot_belief_pre,10,0,0,13,0,2,1,0.2667,15,0
funnel_trap,medium,robot_belief_pre,11,0,0,13,0,2,1,0.2667,15,0
funnel_trap,medium,robot_belief_pre,12,0,0,13,0,2,1,0.2667,15,0
funnel_trap,medium,robot_belief_pre,13,0,0,13,0,2,1,0.2667,15,0
funnel_trap,medium,robot_belief_pre,14,0,0,13,0,2,1,0.2667,15,0
funnel_trap,medium,robot_belief_pre,15,1,1,16,0,2,1,0.2222,18,0
funnel_trap,medium,robot_belief_pre,16,0,0,13,0,2,1,0.2667,15,0
funnel_trap,medium,robot_belief_pre,17,1,1,16,0,2,1,0.2222,18,0
funnel_trap,medium,robot_belief_pre,18,0,0,13,0,2,1,0.2667,15,0
funnel_trap,medium,robot_belief_pre,19,0,0,12,0,2,1,0.3095,14,1
funnel_trap,medium,robot_belief_post,0,1,1,16,0,2,1,0.2857,14,0
funnel_trap,medium,robot_belief_post,1,1,1,16,0,2,1,0.2857,14,0
funnel_trap,medium,robot_belief_post,2,1,1,16,0,2,1,0.2857,14,0
funnel_trap,medium,robot_belief_post,3,0,0,13,0,2,1,0.3077,13,0
funnel_trap,medium,robot_belief_post,4,0,0,13,0,2,1,0.3077,13,0
funnel_trap,medium,robot_belief_post,5,0,0,13,0,2,1,0.3077,13,0
funnel_trap,medium,robot_belief_post,6,0,0,12,0,2,1,0.3333,13,1
funnel_trap,medium,robot_belief_post,7,0,0,13,0,2,1,0.3077,13,0
funnel_trap,medium,robot_belief_post,8,0,0,13,0,2,1,0.3077,13,0
funnel_trap,medium,robot_belief_post,9,1,1,16,0,2,1,0.2857,14,0
funnel_trap,medium,robot_belief_post,10,0,0,13,0,2,1,0.3077,13,0
funnel_trap,medium,robot_belief_post,11,1,1,16,0,2,1,0.2857,14,0
funnel_trap,medium,robot_belief_post,12,1,1,16,0,2,1,0.2857,14,0
funnel_trap,medium,robot_belief_post,13,0,0,13,0,2,1,0.3077,13,0
funnel_trap,medium,robot_belief_post,14,1,1,16,0,2,1,0.2857,14,0
funnel_trap,medium,robot_belief_post,15,1,1,16,0,2,1,0.2857,14,0
funnel_trap,medium,robot_belief_post,16,0,0,13,0,2,1,0.3077,13,0
funnel_trap,medium,robot_belief_post,17,1,1,16,0,2,1,0.2857,14,0
funnel_trap,medium,robot_belief_post,18,0,0,13,0,2,1,0.3077,13,0
funnel_trap,medium,robot_belief_post,19,0,0,12,0,2,1,0.3333,13,1
funnel_trap,hard,no_tutor,0,0,0,14,0,0,1,0.0,0,0
funnel_trap,hard,no_tutor,1,0,0,3,0,0,1,0.0,0,1
funnel_trap,hard,no_tutor,2,0,0,14,0,0,1,0.0,0,0
funnel_trap,hard,no_tutor,3,0,0,13,0,0,1,0.0,0,1
funnel_trap,hard,no_tutor,4,0,0,14,0,0,1,0.0,0,0
funnel_trap,hard,no_tutor,5,0,0,14,0,0,1,0.0,0,0
funnel_trap,hard,no_tutor,6,0,0,5,0,0,1,0.0,0,1
funnel_trap,hard,no_tutor,7,0,0,15,0,0,1,0.0,0,0
funnel_trap,hard,no_tutor,8,0,0,14,0,0,1,0.0,0,0
funnel_trap,hard,no_tutor,9,0,0,14,0,0,1,0.0,0,0
funnel_trap,hard,no_tutor,10,0,0,13,0,0,1,0.0,0,1
funnel_trap,hard,no_tutor,11,0,0,14,0,0,1,0.0,0,0
funnel_trap,hard,no_tutor,12,0,0,14,0,0,1,0.0,0,0
funnel_trap,hard,no_tutor,13,0,0,13,0,0,1,0.0,0,1
funnel_trap,hard,no_tutor,14,1,1,18,0,0,1,0.0,0,0
funnel_trap,hard,no_tutor,15,0,0,13,0,0,1,0.0,0,1
funnel_trap,hard,no_tutor,16,0,0,3,0,0,1,0.0,0,1
funnel_trap,hard,no_tutor,17,0,0,14,0,0,1,0.0,0,0
funnel_trap,hard,no_tutor,18,0,0,14,0,0,1,0.0,0,0
funnel_trap,hard,no_tutor,19,0,0,7,0,0,1,0.0,0,1
funnel_trap,hard,warning_only,0,0,0,14,0,0,1,0.0,0,0
funnel_trap,hard,warning_only,1,0,0,3,0,0,1,0.0,0,1
funnel_trap,hard,warning_only,2,0,0,14,0,0,1,0.0,0,0
funnel_trap,hard,warning_only,3,0,0,13,0,0,1,0.0,0,1
funnel_trap,hard,warning_only,4,0,0,14,0,0,1,0.0,0,0
funnel_trap,hard,warning_only,5,0,0,14,0,0,1,0.0,0,0
funnel_trap,hard,warning_only,6,0,0,5,0,0,1,0.0,0,1
funnel_trap,hard,warning_only,7,0,0,15,0,0,1,0.0,0,0
funnel_trap,hard,warning_only,8,0,0,14,0,0,1,0.0,0,0
funnel_trap,hard,warning_only,9,0,0,14,0,0,1,0.0,0,0
funnel_trap,hard,warning_only,10,0,0,13,0,0,1,0.0,0,1
funnel_trap,hard,warning_only,11,0,0,14,0,0,1,0.0,0,0
funnel_trap,hard,warning_only,12,0,0,14,0,0,1,0.0,0,0
funnel_trap,hard,warning_only,13,0,0,13,0,0,1,0.0,0,1
funnel_trap,hard,warning_only,14,1,1,18,0,0,1,0.0,0,0
funnel_trap,hard,warning_only,15,0,0,13,0,0,1,0.0,0,1
funnel_trap,hard,warning_only,16,0,0,3,0,0,1,0.0,0,1
funnel_trap,hard,warning_only,17,0,0,14,0,0,1,0.0,0,0
funnel_trap,hard,warning_only,18,0,0,14,0,0,1,0.0,0,0
funnel_trap,hard,warning_only,19,0,0,7,0,0,1,0.0,0,1
funnel_trap,hard,robot_belief_pre,0,0,0,14,0,2,1,0.25,16,0
funnel_trap,hard,robot_belief_pre,1,0,0,15,0,2,1,0.2353,17,0
funnel_trap,hard,robot_belief_pre,2,0,0,15,0,2,1,0.2353,17,0
funnel_trap,hard,robot_belief_pre,3,0,0,13,0,2,1,0.2889,15,1
funnel_trap,hard,robot_belief_pre,4,0,0,14,0,2,1,0.25,16,0
funnel_trap,hard,robot_belief_pre,5,0,0,14,0,2,1,0.25,16,0
funnel_trap,hard,robot_belief_pre,6,0,0,14,0,2,1,0.25,16,0
funnel_trap,hard,robot_belief_pre,7,0,0,15,0,2,1,0.2353,17,0
funnel_trap,hard,robot_belief_pre,8,0,0,13,0,2,1,0.2889,15,1
funnel_trap,hard,robot_belief_pre,9,0,0,14,0,2,1,0.25,16,0
funnel_trap,hard,robot_belief_pre,10,1,1,18,0,2,1,0.2,20,0
funnel_trap,hard,robot_belief_pre,11,0,0,14,0,2,1,0.25,16,0
funnel_trap,hard,robot_belief_pre,12,0,0,14,0,2,1,0.25,16,0
funnel_trap,hard,robot_belief_pre,13,0,0,13,0,2,1,0.2889,15,1
funnel_trap,hard,robot_belief_pre,14,1,1,18,0,2,1,0.2,20,0
funnel_trap,hard,robot_belief_pre,15,1,1,18,0,2,1,0.2,20,0
funnel_trap,hard,robot_belief_pre,16,0,0,13,0,2,1,0.2889,15,1
funnel_trap,hard,robot_belief_pre,17,0,0,14,0,2,1,0.25,16,0
funnel_trap,hard,robot_belief_pre,18,1,1,18,0,2,1,0.2,20,0
funnel_trap,hard,robot_belief_pre,19,0,0,14,0,2,1,0.25,16,0
funnel_trap,hard,robot_belief_post,0,0,0,15,0,2,1,0.2857,14,0
funnel_trap,hard,robot_belief_post,1,1,1,18,0,2,1,0.2667,15,0
funnel_trap,hard,robot_belief_post,2,1,1,18,0,2,1,0.2667,15,0
funnel_trap,hard,robot_belief_post,3,0,0,13,0,2,1,0.3095,14,1
funnel_trap,hard,robot_belief_post,4,0,0,14,0,2,1,0.2857,14,0
funnel_trap,hard,robot_belief_post,5,1,1,18,0,2,1,0.2667,15,0
funnel_trap,hard,robot_belief_post,6,0,0,14,0,2,1,0.2857,14,0
funnel_trap,hard,robot_belief_post,7,0,0,15,0,2,1,0.2857,14,0
funnel_trap,hard,robot_belief_post,8,0,0,13,0,2,1,0.3095,14,1
funnel_trap,hard,robot_belief_post,9,0,0,14,0,2,1,0.2857,14,0
funnel_trap,hard,robot_belief_post,10,1,1,18,0,2,1,0.2667,15,0
funnel_trap,hard,robot_belief_post,11,0,0,14,0,2,1,0.2857,14,0
funnel_trap,hard,robot_belief_post,12,0,0,14,0,2,1,0.2857,14,0
funnel_trap,hard,robot_belief_post,13,0,0,13,0,2,1,0.3095,14,1
funnel_trap,hard,robot_belief_post,14,1,1,18,0,2,1,0.2667,15,0
funnel_trap,hard,robot_belief_post,15,1,1,18,0,2,1,0.2667,15,0
funnel_trap,hard,robot_belief_post,16,0,0,13,0,2,1,0.3095,14,1
funnel_trap,hard,robot_belief_post,17,1,1,18,0,2,1,0.2667,15,0
funnel_trap,hard,robot_belief_post,18,1,1,18,0,2,1,0.2667,15,0
funnel_trap,hard,robot_belief_post,19,1,1,18,0,2,1,0.2667,15,0
